key_i,key_j,roles,ransac_inliers,selected_matches,rmse_initial,rmse_affine,rmse_projective,median_projective,p95_projective
left:0,right:0,intra_pair,7804,40,0.1206386390160139,82.53564818517357,6.431750666311871,5.0957903800049404,11.357415464971389
left:1,right:1,intra_pair,7850,40,11.555588436465083,16.126445295396,2.1488069003382857,1.9448548420177374,3.372533479080277
left:2,right:2,intra_pair,7858,40,14.996259911737285,19.67688930517716,2.0754732597568335,1.9659524440207816,3.330215764255541
left:3,right:3,intra_pair,7746,40,16.063977392035763,12.358939974649457,3.0853848231870815,2.553187120236867,5.296731869757732
left:4,right:4,intra_pair,7711,40,40.60020939631313,7.2338430485217495,1.6970677501441571,1.562671128127939,2.826343454530617
left:5,right:5,intra_pair,7723,40,44.27097516282488,2.6773507773654406,2.2624153797893047,1.1745029985672506,5.143204277722999
left:6,right:6,intra_pair,7730,40,59.33697090447151,15.285909940783965,5.762098239380397,3.2874688695468866,12.048015185309765
left:7,right:7,intra_pair,7722,40,76.89415440764816,10.843610141468783,5.7559789287170595,5.2820325591915775,9.077912372937005
left:8,right:8,intra_pair,7803,40,108.59066901960722,4.805149175138351,2.8500257164303022,2.2961996757381358,4.840740874034338
left:9,right:9,intra_pair,7587,40,168.25661399220664,3.2672931778239738,4.874614088267182,3.562650713879776,9.09993509215078
left:10,right:10,intra_pair,7624,40,190.93212908943804,0.6715214239087213,1.041376852100168,0.8813150030474202,1.7392744266097144
left:11,right:11,intra_pair,7685,40,214.5302757638593,4.959302690105652,1.4458621995180678,1.267954978834359,2.354944216149925
left:12,right:12,intra_pair,7640,40,1028.7526412465872,5.200473860976457,0.9706319930620466,0.8270930224116989,1.6820410835114326
left:13,right:13,intra_pair,7675,40,217.80354495534587,3.9422136056984707,1.7499293315562607,1.2432561520971517,3.3071448310968194
left:14,right:14,intra_pair,7563,40,856.0978731173151,5.110409378440207,2.7741449279062294,1.5080805032607236,5.7480882627940355
left:15,right:15,intra_pair,7642,40,14.328477868867697,5.671982497249104,4.30177434716529,3.406828070358629,7.303122057269428
left:16,right:16,intra_pair,7695,40,818.9555346288929,2.1014532141194655,0.9297333539312252,0.7060411747250116,1.67521139421841
left:17,right:17,intra_pair,7669,40,9.188786567185836,1.4419703891269147,1.6409992270911657,1.1775964841093716,3.3484904340063055
left:18,right:18,intra_pair,7801,40,681.4656470309666,1.9467248521086804,1.8947553472494223,1.2449238657356057,3.7216966674049594
left:19,right:19,intra_pair,7763,40,3.8698874306545257,1.6885127832570999,4.432556085963371,3.4494963740308804,8.972099333578567
left:20,right:20,intra_pair,7731,40,139.9646929352008,6.588721981143873,5.333771349505852,2.272620755941037,10.344808852730523
left:21,right:21,intra_pair,7772,40,116.76017264561351,1.4719678705732544,2.645103124114277,2.0937193856268017,4.343980328480612
left:22,right:22,intra_pair,7684,40,100.75845944675008,2.2842250907829436,2.0618756703958443,1.61767262751683,3.7642554158997665
left:23,right:23,intra_pair,7636,40,195.17960828595034,7.594374782070985,1.650902954565849,1.4728539181310778,2.6469259867702353
left:24,right:24,intra_pair,7758,40,82.49956102867712,12.851749691351824,1.5130711400954173,1.28210487811216,2.5948176038706134
left:25,right:25,intra_pair,7825,40,50.59150648616464,3.5750091702844875,3.3426304302635144,1.3619167804505385,7.731939986309404
left:26,right:26,intra_pair,7940,40,28.69887810315502,5.883494498469431,2.692984979398631,1.6060805684297073,5.326924090637283
left:27,right:27,intra_pair,8162,40,2.471051218142718,9.689027905864496,1.394950638597049,0.7756295960675317,2.8939462952007733
left:28,right:28,intra_pair,7984,40,3.17111930407806,2.644250305497784,1.1700071112452473,0.738906017088215,2.5504134455986103
left:29,right:29,intra_pair,7977,40,3.8720836695057166,12.229111251261713,1.9323050727342341,1.3949455233907253,3.903578435256434
left:30,right:30,intra_pair,7962,40,47.08606497523065,4.9558454983297215,2.988993525572276,2.1241212324616683,5.687963280156464
left:31,right:31,intra_pair,8019,40,25.49162114019484,4.356324098775351,3.9785265229237194,2.401753657381045,9.408428706148232
left:32,right:32,intra_pair,7854,40,39.03696375318687,11.607844348013948,9.882061100252933,8.655919812383246,16.554121196124893
left:33,right:33,intra_pair,7801,40,26.014375750850473,3.9243894466714044,5.1676953307722995,4.340336430253327,9.168449107745593
left:34,right:34,intra_pair,7914,40,43.488825786766355,3.4769100984872914,1.3002547223856336,1.0092125729074581,2.1456919829055257
left:35,right:35,intra_pair,7891,40,18.885397028995257,1.5855434852428993,4.840681804492175,4.1038991094397534,8.348709705986492
left:36,right:36,intra_pair,7908,40,58.836869072675746,3.295038284421328,3.455283184766613,2.946801830116006,6.0168372250370625
left:37,right:37,intra_pair,7992,40,70.01024614051903,8.93968964962197,9.183487118220192,6.296499624931808,17.444878927684087
left:38,right:38,intra_pair,7974,40,54.799223452398905,5.140244627192343,7.323293214250654,5.4228789677539755,13.931519131169013
left:39,right:39,intra_pair,7969,40,7.227737346916722,2.0138228866202956,2.677371415209798,2.0951224683576606,4.575592129906847
left:40,right:40,intra_pair,7945,40,31.309696515953355,4.150935068538203,3.957446562922429,3.6511902772780798,6.738976836010875
left:41,right:41,intra_pair,7906,40,27.584410818632424,7.462065624885175,4.155814610783085,3.2356262278944827,7.524374559445508
left:42,right:42,intra_pair,7781,40,30.992779780139475,3.9000509218755206,1.86324211225055,1.6415156704862404,3.3823144035490595
left:43,right:43,intra_pair,7745,40,6.589102438500093,7.811203142645781,1.5432485142615233,0.9224317146467941,3.2962912133449502
left:44,right:44,intra_pair,7886,40,7.585233341536553,3.914197522263476,2.5380849251111646,1.7632453061778213,5.0817573690275415
left:45,right:45,intra_pair,7949,40,268.976773673103,1.1309787504551916,0.8729659305221315,0.5791945012541202,1.959585060590157
left:46,right:46,intra_pair,7899,40,11.869515190943611,2.719096726451517,2.664371945100263,2.153781469275611,4.577054514608579
left:47,right:47,intra_pair,7880,40,239.71896712348865,0.7661918861713071,2.7000791513227758,2.099497165310268,4.706469600214468
left:48,right:48,intra_pair,7855,40,14.082966275080919,2.9064114055086394,4.031550545070968,3.3417682794611485,6.851984589673172
left:49,right:49,intra_pair,7961,40,110.42203003897208,2.2378423744833085,3.2625380998713456,1.9736208939237492,6.91950622250091
left:50,right:50,intra_pair,8117,40,28.095674298819073,4.523962990846431,2.3223754165658455,1.371028302842586,5.0908360543689195
left:51,right:51,intra_pair,8061,40,104.35520322594817,5.450538170545816,4.821967491511932,1.2134191106081433,13.0733627056982
left:52,right:52,intra_pair,8022,40,18.79697757781626,0.9460532977383896,1.5703320070657878,1.142151531015036,2.8375445722436634
left:53,right:53,intra_pair,7993,40,69.27192439666608,2.4163224596530264,1.7116983701685895,0.9945381555836034,3.8823250182711786
left:54,right:54,intra_pair,8111,40,71.78365607016153,3.4411804288667294,2.9196600612142682,1.162841660870338,7.543474330282473
left:55,right:55,intra_pair,7990,40,14.783984613716752,10.560429727729442,3.5669602012546036,2.9267393217573967,6.197492043887071
left:56,right:56,intra_pair,7835,40,19.227407692841272,5.1433832394103804,0.7780401597689183,0.5663030323322091,1.3999012020053823
left:57,right:57,intra_pair,7747,40,20.587069604723727,9.551748414468381,1.5219422805658525,0.9849490697699856,2.966776715206622
left:58,right:58,intra_pair,8080,40,87.67325698365526,4.516833382814457,0.7319945127668882,0.6923774364849267,0.9912238751518755
left:59,right:59,intra_pair,8128,40,21.498476783290105,6.808094530615433,1.7162800743507918,1.2801910238797367,3.190155876186635
left:60,right:60,intra_pair,8120,40,26.014352898243136,4.333056737096213,0.6570810127475587,0.4535662797714943,1.3007557823332385
left:61,right:61,intra_pair,8076,40,30.498539408855095,3.8201404415791047,1.076652964562752,0.6564326123854893,2.2480303834753785
left:62,right:62,intra_pair,8142,40,12.437978631608699,1.8067910465370618,1.1076438076246022,0.8678760962456722,1.9625224108099655
left:63,right:63,intra_pair,8205,40,111.44312670109628,1.654198492367484,0.9928584843561995,0.7250885348393975,1.7306181415817532
left:64,right:64,intra_pair,7960,40,83.00824226957891,3.6885594675694886,3.917087883632598,2.4821607245789368,7.87462108807125
left:65,right:65,intra_pair,7967,40,123.71680362428536,2.9898634995188256,4.440902893222937,3.3175612971531936,8.559019322077166
left:66,right:66,intra_pair,7927,40,149.37432178544282,1.7957139020179975,3.8364662121047575,2.604757310642249,8.008096518640142
left:67,right:67,intra_pair,7892,40,8.599965931474909,1.7774117636784306,4.872412067164257,4.128250676433533,8.6543231320237
left:68,right:68,intra_pair,7925,40,234.82158822858216,4.29706913313022,5.770797703015765,3.0996048479301743,13.197448072329479
left:69,right:69,intra_pair,7845,40,53.13011191627403,1.997084553206193,2.7998834842674687,1.6776536199162724,6.282217063444706
left:1,right:0,tree,695,40,1.7729617026554794,51.025669044677606,8.03412321262366,6.557173358595375,13.269457569677975
right:1,left:0,tree,626,40,2.249286958368468,117.36750698719733,9.438412369539098,8.112919666000332,14.589891766851274
left:2,right:1,tree,809,40,8.203275027775087,25.438621216677248,7.821172561581479,6.2314581873588795,14.619891805211093
right:2,left:1,tree,760,40,32.323983745346915,43.15035644519447,7.126658157673004,6.1666721039034424,11.575408770992437
left:2,right:0,strong,56,40,1.440325335929291,43.244865272815595,10.342184509035116,7.5846927291775605,18.724044013643983
right:2,left:0,strong,53,40,1.5485816567959274,130.3922522250853,12.183519497553423,9.458589688200016,22.02844501022492
left:3,left:2,tree,772,40,1.9039581197882927,31.12064701977975,4.6108095059379,3.843263099758358,8.008547064304542
right:3,right:2,tree,753,40,2.065454623681218,43.377899903898516,4.177460822890083,3.564502693545505,6.919190960469805
left:4,left:2,tree,69,40,1.9343381668417734,41.21846733918604,12.554235723295566,10.171333025928773,19.201446970570345
right:4,right:2,tree,65,40,1.7395086154777382,58.208794821752726,11.324249256328729,8.461962235862744,16.855512906495015
left:4,left:3,strong,600,40,24.368634831055893,14.063537035745282,4.4421536065537435,3.4836720241379884,7.977666795373652
right:4,right:3,strong,647,40,51.55724040464051,13.06185951938724,4.947912386059508,4.191073455238633,8.793966395349932
left:5,left:4,tree,537,40,14.920130844327499,22.4629920006118,5.5799616921496416,4.289734736146185,10.26641984479052
right:5,right:4,tree,583,40,13.03341256186753,26.74112642576167,6.230186531249562,4.6991391947482475,10.438844056209769
left:5,left:3,strong,140,40,1.900841328484559,12.774021342268501,6.9940007697304045,5.828605261005549,12.408990621504948
right:5,right:3,strong,133,40,1.7913313117570844,25.443265424823185,8.595217066366425,6.254923405343344,15.187457985654635
left:6,right:5,tree,200,40,1.1178239623626158,36.12897004433172,7.8916962799199535,6.305947270909956,16.083464451255892
right:6,left:5,tree,180,40,0.8145801694087277,32.395021523321226,9.216313780556943,6.799619047460032,18.583265233248078
left:7,left:6,tree,250,40,1.1807754496095337,20.380428192202935,14.855882798704581,12.877369816962249,24.1736820954855
right:7,right:6,tree,247,40,0.9737284616464646,11.779672711406334,10.900271924945407,7.996598905324514,19.75788328754562
left:8,left:7,tree,238,40,11.317850822957519,6.772103223819642,7.26398432448568,6.045986408151579,13.34733196407504
right:8,right:7,tree,258,40,13.423247734594801,7.920402604000779,10.37716129615226,6.256344402824615,20.73231531762366
left:8,left:6,strong,40,40,1.226859384826877,22.107037533713072,14.715274424013105,6.455698247816164,27.202814678124884
right:8,right:6,strong,43,40,1.0631883814583583,16.230139702299894,12.372917704745403,9.475177457572318,24.180979154286998
left:9,right:8,tree,235,40,1.1358011395490364,14.413768950323782,9.316863557725837,5.94026124586003,19.303901470213688
right:9,left:8,tree,240,40,0.8818118525054317,14.421890393154701,8.03436581249369,4.277604110770499,17.495934890713997
right:9,right:7,strong,43,40,121.83602957998465,19.159938985245557,18.747362232681905,9.17302020638651,33.42416368545093
left:10,right:9,tree,449,40,0.9653236956357979,15.872517732254577,9.161841550561425,7.966149735206309,16.127324324491468
right:10,left:9,tree,442,40,0.8158262223704679,13.601029808183503,8.796832903020825,6.926865775639532,15.442990106009034
left:11,left:10,tree,542,40,2.8688719523127055,12.385437662953619,5.56524558904055,3.9008591301753164,11.25458751500754
right:11,right:10,tree,533,40,1.9567399148301643,10.381225983705937,4.920491676040356,3.60493114293077,9.73956001963752
left:11,right:9,strong,119,40,0.9205391122059563,19.518609992516954,12.293252051726578,9.113336120357701,21.340282841677478
right:11,left:9,strong,118,40,0.6696981810989904,16.721244536228212,9.92415830936961,6.871153235703465,19.022517471490442
left:12,left:11,tree,492,40,868.6660839121744,12.594352766387683,4.2414916030022205,3.6951534718421115,7.69190745494597
right:12,right:11,tree,499,40,230.7131202600961,13.497545591109109,4.152131237690386,3.183313711296021,7.6469041447060855
left:12,right:10,strong,127,40,1098.3027212256839,18.172721430164092,5.72586237786289,5.48690276731853,8.489914196147927
right:12,left:10,strong,118,40,0.8549266506498521,19.431750435851544,5.645785018265902,4.317146563802044,9.278739802516235
left:13,right:12,tree,261,40,229.46782832207188,69.17095693100464,4.998989443668184,3.504278488705655,9.526847164604131
right:13,left:12,tree,282,40,903.4097983110615,68.31085298536712,4.586694216289718,3.7438452819137646,8.222780443209393
left:13,right:11,strong,85,40,0.665696450187246,74.45450084143923,7.2831437453193395,5.420126860859017,13.849481493913302
right:13,left:11,strong,98,40,0.7649847505720201,71.82500356222542,7.159868758017026,5.666542723341929,14.215992385405766
left:14,right:13,tree,649,40,860.968054808966,24.37394276333445,6.286433950176804,4.61741104860126,11.922011705325945
right:14,left:13,tree,625,40,248.46767540145012,23.99136150572424,5.049429301440626,3.6008623318730066,9.649600220498048
left:14,right:12,strong,140,40,896.3586761152876,77.94055584737582,6.053132856360504,4.4473884511684325,11.945126719980648
right:14,left:12,strong,117,40,873.3192178323039,77.70170748410897,5.854667662677887,4.430080899128551,10.665977875610631
left:15,right:14,tree,371,40,852.9517146744139,68.74706143233239,6.625932705584185,5.2526888417962825,12.702217851357336
right:15,left:14,tree,337,40,13.353940044798916,67.31241983829983,4.404926055323862,3.685662831931783,7.457812573186282
left:15,left:13,strong,143,40,1112.9174098615779,64.42723944893028,6.769579583007782,5.0316726330169965,12.132007752051216
right:15,right:13,strong,176,40,892.4516096837416,61.545674242634234,11.116216194273683,7.057030116255884,25.691931006604513
left:15,left:11,strong,207,40,860.7898697933798,22.327169246807312,13.66538681616036,9.580545738042565,28.611485329040686
right:15,right:11,strong,213,40,1077.071549159866,22.371804165652414,11.464323629250924,7.7833368970759995,23.29555453175836
left:16,right:14,tree,109,40,0.9956049948277285,86.06222125432113,13.370974648657743,6.714837250480196,30.029268663285396
right:16,left:14,tree,109,40,1.3132379247185082,89.51537379267312,11.831323500961226,6.188759707772255,27.34728540893986
left:16,left:15,strong,448,40,820.0930639385789,14.341506516571314,3.7804276847895943,2.7580853163668424,6.542459934174491
right:16,right:15,strong,431,40,13.425430801915466,15.683888998354448,4.51640550970983,3.4058037822744334,7.574996640479908
left:16,right:12,strong,130,40,26.10997524825881,19.518794515746727,7.380221263852962,6.145867053920551,11.999562407397939
right:16,left:12,strong,146,40,1.444930127212154,19.202442773413065,7.984759700298421,5.992495996040617,11.945380437286529
left:17,left:15,tree,127,40,0.9433049458017218,13.271423147866082,4.351130503456886,3.7492352009904986,6.592962739321559
right:17,right:15,tree,107,40,0.8582742442997342,14.617470414981604,3.68932697504392,3.305724220944775,6.158539435538718
left:17,right:16,strong,543,40,7.843585866301593,12.586154699849464,5.846309270823748,3.4174778424786885,11.986871040961073
right:17,left:16,strong,507,40,714.1856667286307,11.39362553125483,5.272889768181169,3.3093613722562427,10.609199294445606
left:18,left:17,tree,625,40,596.6748119764057,10.55288552077988,5.657717247567139,4.918055814355046,8.817036385472282
right:18,right:17,tree,671,40,9.200658209575241,11.077962181280487,5.348904296110908,4.5051367728224045,8.777423686437118
left:18,left:8,loop,121,40,1.367571630258651,20.621561067773207,14.698010763752208,8.047826155986229,36.78197438539889
right:18,right:8,loop,111,40,710.6755461316613,18.988697052441562,13.217082225093229,8.322473268234074,32.12473976057055
left:18,left:16,strong,150,40,0.7229628952792172,15.800757361807081,7.630089302255727,5.630362825698989,15.483190094282973
right:18,right:16,strong,183,40,1.0334860267965738,15.86504900093841,7.7505861282912925,4.786810581660176,17.766674101120817
left:19,left:18,tree,309,40,556.6833272576886,5.005567771800858,4.122857549460097,3.4126062398246964,7.46828217314433
right:19,right:18,tree,282,40,11.721315174821296,5.824607703769786,4.726352569618578,4.182165857255637,7.632359979047786
right:19,right:7,loop,72,40,660.4193778978533,13.511892979271362,14.235464381314753,8.680519326606419,29.341389727029355
left:19,left:8,loop,123,40,517.5215253075555,10.939105973495638,8.904552321160184,5.167097214541595,14.887809255281246
right:19,left:8,loop,112,40,531.2250834959134,10.813612274963974,7.796387635899722,5.886918201482475,12.317232763743075
left:19,left:17,strong,91,40,1.035103856147415,10.550008335447671,5.287482372121608,4.880093851742505,8.500714227567055
right:19,right:17,strong,94,40,1.2293837588662468,12.904892774133682,3.867068439650683,3.419177161644508,7.107829753374151
left:20,right:19,tree,375,40,548.1471808735575,10.103083737294721,6.562574258330754,4.2562018156471915,12.264362535713035
right:20,left:19,tree,393,40,459.0428686011614,5.185940394687772,5.11695653869892,3.7987102512658537,10.035631789163743
left:20,left:7,loop,79,40,169.0284879481111,12.156144255755509,11.02032604093774,8.601363655608656,16.832052982281073
right:20,left:7,loop,68,40,17.015996368158817,9.858998495701313,9.769300431740536,6.468795140797608,14.98197240555545
left:20,right:18,strong,58,40,608.5012647232794,11.170599753877884,7.069645629918764,6.689567156267424,10.936697633395283
right:20,left:18,strong,59,40,25.682984606429425,11.197892114108187,9.164559776883772,7.396531127911335,16.254880059790928
left:21,left:20,tree,197,40,0.9058824372414228,16.69815551383549,7.414408362870691,5.849402701412638,12.034492278550497
right:21,right:20,tree,201,40,0.8607137912730137,15.661422117123374,7.863559005562914,6.628252106502093,12.525516309677812
left:21,left:6,strong,41,40,121.53109546523424,27.284580224653038,11.185408160054152,6.6575386520014534,26.304977476997372
right:21,left:6,strong,45,40,36.705255557219715,28.426477847789496,7.225621023976139,4.715446831808048,10.009278350386145
left:22,left:21,tree,319,40,1.6159907284685966,41.38460173298296,9.633266062871948,4.409112187377381,22.71516811799787
right:22,right:21,tree,298,40,1.446029158105235,41.94258458888125,13.349958162453238,5.814765281473745,32.244858363648724
left:22,right:5,loop,217,40,5.451463955762915,16.88082393774411,10.433339559583287,7.281971903814533,16.6700292473186
right:22,right:4,loop,165,40,27.01257442600399,32.744132718299014,11.837550476957473,7.4221114613837385,16.977984377351834
left:22,left:3,strong,57,40,1.4303187291455657,26.50902208248006,11.101936054742085,8.425131975810853,22.49342713783832
left:23,right:22,tree,343,40,23.919139774128535,10.523298419381184,5.896530730448453,2.673418163281714,9.47612021261979
right:23,left:22,tree,454,40,130.50134834019238,17.78119171034359,6.594434323249068,4.394453569822568,12.015094034932002
left:23,left:4,loop,168,40,43.926446193904454,20.266022965863694,8.148224986368723,5.621394553832991,15.618291331644397
right:23,left:3,loop,96,40,126.0678305719894,24.93224135459557,9.568663251385027,6.977844768942482,15.999080217936196
left:23,left:3,loop,111,40,21.44254461584775,20.140472250735797,8.68404945988985,6.942724492343701,14.62335494759587
left:24,left:23,tree,330,40,1.6548536303660373,18.353863544754216,5.774767150916661,4.454788238255604,8.590723274465594
right:24,right:23,tree,322,40,95.34569279864397,18.24673460014838,5.006875723670056,4.165523716474913,8.486425716896342
left:24,right:2,loop,180,40,2.1995802927148715,39.576589963235946,6.74284321556524,5.785129139118827,11.156607311327972
left:24,left:2,loop,166,40,13.920434676688997,27.0323815257086,5.777757505131161,4.532751096356634,9.634668605154511
left:24,left:3,loop,182,40,17.446876328964432,16.317402507472917,4.724452776772902,3.873500338002325,8.143332416769146
right:24,left:3,loop,200,40,74.68037856269224,25.537434066304705,6.609819792806773,4.970636239945655,13.191235644582159
left:24,left:4,strong,69,40,29.20649737317182,26.94752571025688,10.145717815379387,7.453367416043586,19.72556640062683
right:24,right:4,strong,64,40,120.79154161250729,38.794622948408474,7.140994154777073,4.7996968664928525,15.536762843999542
left:24,right:22,strong,61,40,1.805915589760055,18.007166574104357,8.915863613441084,6.555983745236198,17.05785551742829
left:25,right:24,tree,1292,40,17.697213395857638,19.685513833827823,5.756927314876624,4.843177024407259,9.659579493991593
right:25,left:24,tree,1223,40,100.8839602872639,18.984964465950902,4.811546507477429,4.085984698234871,7.946588097460615
right:25,left:2,loop,268,40,78.4356762403463,31.0127231704551,5.717604408169309,4.6913078181836525,10.117910177886797
left:25,right:2,loop,262,40,52.06153305069661,43.55680505593653,4.45360947348965,3.9712931031474827,6.914293073777036
right:25,right:3,loop,96,40,105.6322503632617,30.80564282316563,6.741399421696163,5.894618056912702,10.589098743964094
left:25,right:1,strong,130,40,1.9657278242591931,39.464270127670865,5.757958285615608,5.815491126675336,7.982216591782358
right:25,left:1,strong,130,40,46.255838128219644,34.20853996838867,5.600374252949647,5.122054048554908,9.01612317018485
right:25,right:23,strong,62,40,1.7982418342034596,22.075275970799613,11.728414470770986,9.817009446831587,19.452223206580328
left:26,right:25,tree,957,40,9.634446671422983,17.640271553184107,3.68984577261865,2.9555473504021195,6.882214334211618
right:26,left:25,tree,933,40,11.317696837034198,20.70690644019354,5.258821647053218,3.5189538172582338,10.85991761080228
right:26,right:1,loop,348,40,1.8606459083524325,24.04306946032184,5.384503707883229,4.865946782661409,8.870975132007118
left:26,left:1,loop,324,40,34.68856785157799,33.5425601936758,4.9128420304523255,3.837625452638605,8.28155774768241
left:26,left:24,strong,67,40,90.70451364019925,48.683448091445925,7.224297110834302,4.903887122024384,13.057843798850648
right:26,right:24,strong,67,40,1.9420227589212564,43.74531343791405,7.440711300035526,5.342555696694326,13.249288878543203
left:27,left:26,tree,1385,40,1.2569491529854053,60.83676859202323,4.796427642876964,4.019390445324417,8.41794381080255
right:27,right:26,tree,1343,40,26.37765539662461,59.803835242862945,4.659498481075774,3.1700405564185203,9.563672156703296
left:27,left:0,loop,143,40,1.7875487417592162,132.5333695886122,11.544443403985133,10.672937007541039,16.72722542891979
right:27,left:0,loop,146,40,1.940567057938231,134.12965750364876,10.962996522530677,10.437565885266473,17.93131516633924
left:27,left:1,loop,70,40,27.71512390633137,54.3483784329586,5.53603893384689,4.2491469916723705,10.745335465108136
left:27,right:1,loop,77,40,16.232859973669346,58.77355223976453,5.670242738732524,4.51294636600369,10.196008295473327
left:27,left:25,strong,78,40,38.21029042168033,47.074341509357666,4.248329821628692,3.3964866916723135,6.6042816169232745
right:27,right:25,strong,72,40,1.6294886942341575,54.77922281693093,5.036465407068482,3.684128652424093,9.620229792068747
left:28,right:27,tree,865,40,1.2252815566091753,70.43116140138281,5.078007453071053,3.002347122379236,10.411811109616421
right:28,left:27,tree,890,40,1.3156323590180032,76.36325008961595,5.361264039301724,3.8518653152203135,10.243591637343304
left:28,left:26,strong,196,40,2.744475662377969,78.9571881583771,7.7644033976279,5.708058316890741,14.55890491143435
right:28,right:26,strong,202,40,31.86706087996,71.21663974661612,7.455083492457017,5.551963966149527,13.930781866651339
left:29,right:28,tree,1012,40,2.249350849664887,52.83367893425455,8.69212783599514,5.2870284879148155,15.78002991269754
right:29,left:28,tree,970,40,3.6308472659784212,50.80862552842508,6.697880845267773,4.271963119944878,12.870557447953445
left:29,right:27,strong,69,40,1.619612483753304,81.64705055401849,11.039417953600086,7.2918401801914365,19.829409296922098
right:29,left:27,strong,68,40,1.50438617140235,80.41871880288508,10.851889870626191,7.348200692194778,20.900073673239262
left:29,left:25,strong,48,40,48.43649405919344,52.12745136542807,7.965214975797325,6.2246243777006125,12.50994270198814
right:29,right:25,strong,47,40,2.493797340381336,50.06344875475688,8.4920244956036,6.643681898161311,15.149806931149406
left:30,right:29,tree,419,40,12.909703485101822,59.134829035004586,7.089063695040629,4.9644873897919135,12.530921410791093
right:30,left:29,tree,410,40,68.37129024508857,60.04994178873006,6.093155081594696,5.413036555508252,9.518842385132448
left:30,left:26,strong,189,40,1.6444321612721304,56.87949354173352,16.32910950439168,10.785742580254123,32.4505998028704
right:30,right:26,strong,203,40,2.0004485584833125,52.356457865508325,18.710481784502363,11.223666222999979,34.141324424434245
left:30,right:28,strong,56,40,2.779383693242163,61.310015254526675,8.177213574511024,6.959230314436892,12.997014168041563
right:30,left:28,strong,54,40,32.15804110826614,65.0367241204131,10.18705064609725,7.278347265546961,11.861154317241041
left:31,right:30,tree,875,40,72.82885872050471,12.091992736828129,8.468782960987463,5.0457074332528435,16.554703368548125
right:31,left:30,tree,871,40,22.02914860614261,14.693123722225362,8.013727508115796,5.991000505812754,14.76775777561511
left:31,right:29,strong,45,40,1.4445232303703577,48.05277923056784,5.4630379537151335,4.811607186151698,9.642011985106095
right:31,left:29,strong,42,40,2.0197160482547356,49.852860673965914,6.792054936145071,5.222771726855189,13.182763173946885
left:32,left:31,tree,849,40,75.51166929561153,15.143753182236635,6.338294703773702,5.383134731563879,10.261820010691103
right:32,right:31,tree,862,40,23.692823407658505,13.840639140587232,11.899367569242118,7.040020805247055,24.458217003461005
left:32,right:30,strong,132,40,1.0429661721702914,17.14565631026717,5.457126687084048,4.123752965895273,10.142764758631593
right:32,left:30,strong,124,40,1.0246208184313257,15.21757773156872,5.2802648946151205,3.9314351830181975,9.000343532198588
left:33,left:32,tree,466,40,59.01149716226331,21.515650575567033,12.383266570776485,8.296750643339045,25.323264209421346
right:33,right:32,tree,505,40,24.646783487420496,15.780036882470185,4.860455638870342,4.12280325429474,8.585944499571594
right:33,right:23,loop,76,40,122.56361045789691,32.86444610919205,17.517924882468993,15.2787754399503,31.336372863112445
left:33,left:23,loop,91,40,171.20347291710067,44.99391614555189,25.36502681995306,19.976249830555833,46.40821863233691
left:33,right:31,strong,80,40,1.4307567123518794,25.19894029884199,8.880888007160912,5.812509764227232,14.506865850830271
right:33,left:31,strong,84,40,1.6000033919801413,24.713805829399675,9.835687196090507,9.6338654641606,14.189619981063043
left:34,right:33,tree,590,40,75.11211506660189,15.428087914033027,6.31989911684216,5.699797957199427,11.194845692767803
right:34,left:33,tree,583,40,36.05891623062785,18.62358792300194,6.604488460624985,6.100967478312585,12.082299242490992
left:34,right:21,loop,69,40,327.3665779802696,33.1955594918766,15.051041807579649,9.76409852312475,28.465748253498486
right:34,left:21,loop,62,40,373.8502126928105,35.13033898906418,15.156609382284477,10.581208452861564,27.30268554915175
left:34,left:32,strong,72,40,1.3970769123433613,17.187124263962918,6.773448919669392,4.640018243867613,11.67024649201669
right:34,right:32,strong,82,40,1.3817146099414832,17.919598732297562,5.780963240705429,4.179025950700703,8.96842056907204
right:34,left:20,strong,42,40,506.0020999260161,42.13857366493474,15.886288315266256,12.450205197080848,27.198535321715255
left:35,right:34,tree,555,40,39.738257193895805,12.276711402334493,8.276658874693776,2.8062333064901583,18.23641295300033
right:35,left:34,tree,511,40,73.34141679568945,15.056465439533495,6.027095375288369,2.3215066413328387,13.009567936022993
right:35,right:19,loop,60,40,1.5616936735243836,12.35645314079818,9.303543327838986,7.555689263753585,14.397109891874546
right:35,left:19,loop,57,40,1.4337472785960084,16.360564673863905,9.780503119397634,6.279123431936031,13.269330409795302
left:35,left:20,loop,66,40,568.5431275558708,8.244414001134444,13.050005875900123,7.138565370117712,26.202337007065378
left:35,right:20,loop,65,40,472.6480596556777,8.373519896473793,13.978988135066675,6.810231594736731,26.06933700216782
left:35,left:33,strong,89,40,1.3302930447789834,16.530844847299413,4.870417532498189,3.241084068201824,7.227183700942991
right:35,right:33,strong,91,40,1.2900235372761772,18.927930346392404,6.3036523665076,2.4724707319886488,16.54889380261678
left:35,right:18,strong,40,40,1.7402476628364159,11.601187245976236,7.3344544050785485,7.008685202517881,11.874411248487386
left:36,right:35,tree,420,40,41.1884837928888,16.59961970191969,5.899271579413558,4.893616612152904,9.490077060128797
right:36,left:35,tree,400,40,64.14064496038513,18.129347806850838,5.472384356706193,4.691153965711744,9.210380076079355
left:36,left:18,loop,80,40,455.88203622132124,8.499216355832614,8.530609023772321,8.570299354322186,14.19094790777791
right:36,right:18,loop,81,40,56.43883201399246,7.912155747916818,5.7984680333606935,4.905039822327777,8.886452706063125
left:36,left:19,loop,108,40,45.20696381936233,8.298587326303172,7.2769953918851105,5.733849810895226,12.030144756337211
right:36,left:19,loop,105,40,47.0153219631497,7.646075096792695,5.633179322247149,3.826625526805091,9.20763993776469
left:36,left:20,strong,62,40,529.153928489693,14.83496358298687,11.38258279338984,6.746838249152216,25.009784732465846
right:36,right:20,strong,56,40,426.70322922003305,9.026357952322613,10.34381946162809,4.608658582877926,20.93027046102781
left:36,left:34,strong,50,40,1.2236861540319148,19.38723285766472,18.930558979379818,19.237912404451794,29.216656542920624
right:36,right:34,strong,55,40,1.0913465975516523,17.35313127939848,11.528490011754906,8.21041520562167,23.96995809401464
left:37,left:36,tree,313,40,1.1410608928356463,10.128986557134212,6.25990317981031,5.139226570151349,11.210787459215112
right:37,right:36,tree,291,40,1.2124728735186494,16.114588533324692,11.553949869135115,9.59526388507867,19.23933645850295
left:37,left:18,loop,171,40,465.54086217708715,10.358205883777774,9.824973311054297,7.868743078962417,15.602307393539103
right:37,right:18,loop,165,40,55.6671334090319,9.498283728053313,9.332857112500502,8.148403267527875,15.579557539860396
right:37,left:9,loop,54,40,598.4068098250038,24.97561233605552,14.432547244554645,8.220836115456304,28.94294571583339
left:37,right:9,loop,55,40,468.8736884914902,19.481055227891233,13.936558236342071,9.662388876852512,23.950217815975495
left:37,right:19,strong,74,40,40.609925826544576,9.928293580890108,9.37186244977555,6.726016545307115,17.415638076865633
right:37,left:19,strong,93,40,47.78202615425943,11.869645049681282,10.470166251426047,7.920614504070311,18.164621936460165
left:38,right:36,tree,80,40,1.1600052114643777,13.93726262524259,7.160972662869742,5.778554411077586,10.923060456199439
right:38,left:36,tree,78,40,1.1449061803816434,18.43764577127903,8.438598320766333,7.6510456931598245,12.343668174917141
left:38,right:17,loop,186,40,79.29297224125082,12.236345167683394,6.600188617194153,5.607797280258234,10.595634459867135
left:38,left:17,loop,167,40,78.33875106141053,10.429922794431242,7.900559483846091,5.589224091676713,10.660756611161462
left:38,right:18,loop,126,40,72.32959321400402,13.962542288812427,8.70829497313427,7.092794565398227,14.303402989985972
left:38,left:18,loop,128,40,512.4771580390053,14.690130476891897,8.63382320258019,7.2400158743914105,15.784504529919007
left:38,left:37,strong,418,40,41.90012648753435,9.732517228933784,11.785068043183392,8.125166013098486,22.577135556521768
right:38,right:37,strong,383,40,95.0112461584398,33.4296023623674,38.132696469584566,8.979133179528413,66.45143143161569
left:38,right:9,strong,61,40,538.7497384794825,14.678320615931444,11.241023925946102,9.275597120209577,19.00137120255185
right:38,left:9,strong,56,40,680.6270322243879,17.85336812754804,12.791418132071133,10.53088095243497,20.479040437046052
left:39,right:38,tree,498,40,0.9326396480998244,16.376284806809295,19.926367999617778,16.496030541444508,30.561157314799008
right:39,left:38,tree,499,40,47.56916461849525,18.82782840730997,13.452117607348612,11.84074088839489,20.618187150414837
left:39,right:16,loop,149,40,100.36551454560299,22.169309836582197,11.100953049048826,5.912326528623561,24.6269975929641
right:39,left:16,loop,139,40,623.9661868867297,16.512158042996703,6.616667049019446,4.964825708955515,12.543954520453461
left:39,left:17,loop,104,40,91.9744461782394,9.488896925954439,5.326554046204805,4.489326391527127,10.789068306656741
right:39,left:17,loop,104,40,90.23189548607671,9.461267100003136,4.903919333689469,4.039530445914106,9.629399846802826
left:39,right:15,strong,77,40,120.8253372330137,16.87250562034791,6.4313214943278645,4.65419270682418,9.24772071938741
right:39,left:15,strong,83,40,126.80694356883765,13.39254878404332,5.764109134575336,5.2702396228661375,8.46269204248168
left:39,right:37,strong,92,40,33.900305516649304,12.535958265823142,14.098882137468994,10.158966896429167,27.640146638154185
right:39,left:37,strong,83,40,0.7550633198789787,11.935010496666537,7.390799555126864,5.4287386049923985,10.99154340466524
left:40,right:39,tree,612,40,14.975404830907657,10.819936539713238,6.726846771088827,6.0994988558730645,11.91840012784693
right:40,left:39,tree,631,40,24.10174544989657,11.477923619869477,6.426122512996833,5.758808367234417,10.194924495326
left:40,left:15,loop,156,40,132.3729003361869,14.277813634197043,6.91832673377218,5.13818593467715,13.797138965198247
right:40,left:15,loop,161,40,129.88756036711388,13.619693215614113,6.487003194760209,4.710551166539984,12.678895604787684
left:40,right:16,loop,143,40,120.2507190166833,9.935249254808914,5.7247452931069205,3.1935348059528894,13.74282950612167
right:40,right:16,loop,135,40,115.52842973506739,11.176795727140503,6.427484855444923,4.35889009536601,14.723691933640964
left:40,right:38,strong,122,40,0.8424701446833701,15.034830885890752,10.31323145002744,9.712057104614441,15.745904308506791
right:40,left:38,strong,124,40,0.9809263672237364,17.613306959670748,9.828981143298144,6.683684794742127,19.689039723183416
left:40,right:12,strong,48,40,730.6183042932187,21.387483423847595,7.548708272446371,7.002301459931189,13.373910512066654
right:40,left:12,strong,48,40,132.6056698770894,20.005264555410317,9.132757478785031,7.263214020172839,16.018851196418158
left:41,left:40,tree,798,40,15.711084935442813,9.74221279911094,3.301489499159532,2.409183745315789,7.111017973184788
right:41,right:40,tree,722,40,19.30409062718079,12.239642516987905,2.4180279443689545,1.9714559625235117,4.223720714454095
right:41,left:15,loop,113,40,157.95707950134468,21.465876773833468,9.321165366449174,6.054587172029768,16.6637540593437
left:41,left:15,loop,109,40,141.91432694508993,16.278179297374184,8.171169063986754,6.0395739317390325,14.945530784628621
left:41,right:39,strong,88,40,0.899790336521555,11.587959268964134,6.521664762845608,6.948262295133237,9.516365913063652
right:41,left:39,strong,93,40,24.433192116472846,14.40983183731616,7.34359101316064,5.944325860569476,14.496358123956357
left:42,right:40,tree,75,40,0.6859528354638184,70.08509842997202,5.95993516893538,4.558957942928226,11.70799951672031
right:42,left:40,tree,96,40,0.786411874580363,66.86155307409629,6.224830882180307,5.595758802511954,9.234985427192276
left:42,right:41,strong,187,40,18.85324071108449,53.6571478949744,6.15937702785275,5.524445445133142,10.601263730922636
right:42,left:41,strong,200,40,16.54452494578286,65.43424298472497,9.197011054774697,9.00892149589598,13.71310483528197
left:43,right:42,tree,763,40,137.89442011999148,7.068656640966564,5.35983205539829,5.572572860138123,7.834339053051882
right:43,left:42,tree,709,40,130.49104855760254,6.818920110802723,3.4650041862538226,3.4024716929843044,4.514500116689801
right:43,right:41,strong,43,40,133.35210252892668,60.44520874543806,9.570263750933536,8.247938284660364,19.659832517435838
left:44,left:43,tree,340,40,0.780036056532952,49.61143492983666,6.8569298922715864,3.490333524105368,15.258242818298896
right:44,right:43,tree,373,40,0.8328891538999428,52.928433333506895,8.058682042806206,3.6285546245311573,20.177604021832725
left:44,right:40,strong,151,40,122.16083892895875,20.18885023394202,10.897713579551862,10.711824039250095,18.268308598715862
right:44,left:40,strong,169,40,107.65780462385375,13.42321623297694,11.788991018551759,10.044306743370491,17.45379958538427
left:44,right:42,strong,114,40,133.28037135132882,59.76772316823222,10.082221488520892,7.466699231016998,19.030827599451165
right:44,left:42,strong,125,40,121.85536404463848,57.000320408334304,8.051169476556225,6.759019249671556,13.417477065673097
left:45,right:44,tree,375,40,276.8834322935616,11.016165846131324,6.080093395942179,6.128087050174068,8.341435157031706
right:45,left:44,tree,421,40,123.1892076791917,10.662089644238375,5.685521021634492,5.857672380777958,7.305524363519273
left:45,left:41,strong,51,40,289.8045877469823,15.476419040167148,18.794214768950955,18.807198435446534,28.204139388008365
right:45,right:41,strong,57,40,0.8145656024311723,17.88639485914654,20.209640913935544,19.18202400307083,30.845789171921123
left:46,left:45,tree,551,40,209.23419356136102,16.261461213947943,8.99285200019866,7.478556612361192,15.316302626558464
right:46,right:45,tree,573,40,96.53282329016005,15.632899905407369,8.700941722499026,7.60051806468443,14.507345397936824
left:46,right:44,strong,101,40,0.72422814397011,22.43620791582244,12.275960684584948,10.402275159732215,19.366730162235246
right:46,left:44,strong,94,40,0.689134879580949,23.287812387434123,12.11216335292552,9.542533400486288,20.97178080566673
left:47,left:45,tree,105,40,0.9201025559247993,18.768968240504233,11.343034134028343,9.127719948549167,19.464017146318277
right:47,right:45,tree,91,40,0.8105583366327108,17.326624760704963,12.632026120204811,8.89914118986061,22.80612368915333
left:47,left:37,loop,96,40,183.46515901032674,12.001187881748859,12.83360873007342,11.209965183225798,20.12155493504585
right:47,left:37,loop,102,40,4.167842034358635,13.482797508407286,13.088926495960719,12.28633939156816,20.446500104051715
left:47,right:46,strong,568,40,184.11795582781883,12.969146815272408,12.371514599428776,12.029787227488576,17.13813134181805
right:47,left:46,strong,556,40,89.20848657021041,11.926518552967542,12.997199933770291,13.659707725567646,17.60987023625654
right:47,left:36,strong,41,40,1.2518626247640092,15.05850223154092,11.913279892461665,11.190849734231328,16.321872938382974
right:47,right:36,strong,44,40,61.17317728398469,12.923131686680438,13.342101564336748,11.804909450285436,19.738091395576827
left:48,left:47,tree,268,40,129.94584085047484,14.050557622303728,11.046643757401947,10.934607795258366,15.71645239402138
right:48,right:47,tree,250,40,81.09553410864089,12.739347159259488,11.53791446461654,11.042808388795521,16.520836236563593
left:48,left:36,loop,80,40,80.53619994485203,11.235208647514673,8.563442045736222,6.98143312452674,13.875929604033361
right:48,left:36,loop,82,40,86.63246004420238,14.063723886052768,10.012899916120109,7.587563645559603,17.15303706724079
left:48,left:37,loop,56,40,76.77062700915994,15.08690685043603,11.271488803284878,8.572536379399349,16.647290109704095
left:48,right:35,strong,46,40,1.2360747307607736,23.284828258714732,9.058429308832913,8.093178331646676,13.489806819750795
right:48,left:35,strong,44,40,1.0680454690218584,23.182749259837,11.284711842555774,7.923890585772736,19.61352517154427
left:48,left:46,strong,60,40,0.8211306495383155,13.60825015779688,14.241572054854268,13.569314290311407,21.47398910582419
right:48,right:46,strong,67,40,1.0347956011987458,12.006196760948464,12.211966789272239,11.392171011634083,19.792505612467558
left:49,right:48,tree,298,40,67.23927862592637,14.775318898638394,9.528135222733072,7.016439800571553,16.199568306082707
right:49,left:48,tree,273,40,73.10090205037757,16.792735020405217,7.9905187795850265,7.81248362266757,10.925987249582004
right:49,left:35,loop,155,40,51.61611465398578,15.296989645481545,9.680217768847463,5.295115151353135,22.063253374827053
left:49,right:34,strong,41,40,73.04940821983969,17.026112592851433,10.114124065618821,3.4084002028719294,18.82821668840296
right:49,right:34,strong,42,40,39.616347315145646,12.037484046409599,7.41832057210012,3.2244464559363566,13.080990503691654
left:50,left:49,tree,830,40,127.56657661075307,11.68218732976461,6.808606545288766,4.058810565678474,14.735416467379942
right:50,right:49,tree,894,40,42.6308516579732,9.283885325972319,4.172902612630791,2.729259555292206,7.4606760578470075
left:50,right:34,loop,167,40,44.015347826391206,21.934187444120884,12.28069286135528,7.8591214183566915,24.77564918061344
right:50,left:34,loop,139,40,87.82172937920757,15.217936638749869,8.075103325767207,5.581354020008338,17.41482123726087
right:50,right:35,loop,202,40,18.312944541955652,20.720362547600896,9.038734223370188,4.0375815516856655,19.571618394334052
left:51,right:50,tree,1479,40,37.59119478356593,8.959640651603593,3.1707157162860975,2.5446578948432195,5.277610152039005
right:51,left:50,tree,1425,40,123.80123150553086,8.25226021471541,3.063274678144851,2.674420035218357,4.5398539994641
right:51,left:32,loop,61,40,1.4875578764276414,16.93408851887468,9.178176116302255,5.962163519392302,19.968624766496834
left:51,left:34,loop,163,40,81.60621898171456,15.467645590251015,7.400360346395701,5.058770649043227,13.462529106956683
left:51,right:49,strong,112,40,1.0705341090926372,10.983068719880187,7.045042198889947,3.686510755424661,17.375417662295497
right:51,left:49,strong,103,40,0.9226400185226269,10.14836489107229,7.171497018324874,4.452400938905363,15.173818332883336
left:51,left:33,strong,129,40,41.07477093694335,12.524411905151199,9.151899190045574,7.296761072870989,14.205869744075054
right:51,right:33,strong,153,40,114.96877475036145,16.283591116434646,9.546911026899432,6.9824381933102115,16.748977908033513
left:52,left:51,tree,2196,40,31.67366460856029,9.133308079498747,3.244684624916546,2.569976089186965,5.344425217934792
right:52,right:51,tree,2136,40,122.37077236429734,7.703666640943624,3.483290763728408,3.16096659785874,5.346498607342524
left:52,left:31,loop,70,40,1.2646851276949762,22.064534593397337,9.940232977901896,7.56936578873456,20.59489992605147
right:52,right:31,loop,73,40,1.4943234627690398,20.048111881570964,9.294566705881067,6.968266195004212,17.146708717594866
right:52,right:32,loop,126,40,33.79981388995668,9.524322846358562,4.205175498485194,3.450920533439101,7.631999893053713
left:52,right:50,strong,209,40,1.1323996197679227,16.008121711586355,6.555593417195889,5.298861153661864,10.97016565592155
right:52,left:50,strong,220,40,1.0498282983330007,13.249109389409481,5.016691652884828,4.3004687069192515,8.096939686516924
left:52,left:33,strong,121,40,21.35439199212059,18.641546309633007,9.898446497800581,7.018145549660424,15.2156613448662
right:52,right:33,strong,134,40,22.909968586172067,24.827568589233305,11.200111216395365,8.584850464766316,17.069180132231548
left:53,left:52,tree,1689,40,83.90281436780954,11.280201499878306,6.083353676734681,6.028039512808928,8.896751497347587
right:53,right:52,tree,1780,40,25.11694951622323,10.99598191304821,5.849297143116348,5.5600514677630795,9.050120195086702
right:53,left:30,loop,91,40,1.5647601167640772,27.99542951906006,11.635289000122343,10.519452692476637,19.386879689966797
left:53,right:30,loop,86,40,1.3621842203776768,29.337610288197,12.356096760608235,10.337981381673472,21.90314937452478
left:53,right:32,loop,147,40,80.64840828950385,11.521870037851432,7.19656091209327,5.774607220530633,11.664366285173246
left:53,right:51,strong,276,40,49.052903622851055,17.33503052715863,8.860877015309953,7.881153950011373,13.536941984472916
right:53,left:51,strong,272,40,0.9660364047617828,18.39678060535375,8.804999174902694,7.161221301066792,14.064002719867002
left:53,right:31,strong,150,40,94.43776014163205,18.342584900784516,6.850320182281817,5.473904403534695,11.194384123976732
right:53,left:31,strong,164,40,30.865400010482077,20.14665191219255,6.801270686771698,4.97802797102441,12.198172664206801
left:54,right:53,tree,1834,40,34.67570102145361,13.999576943700484,3.626273291991483,3.070353437611137,6.345654676406125
right:54,left:53,tree,1936,40,36.41273840186708,11.732285160545214,3.9058651259249926,3.253107784584308,7.109764290488007
left:54,left:30,loop,244,40,1.3367775320027055,19.944508069076573,8.77728152314072,7.294769611536397,15.490893630442994
right:54,right:30,loop,228,40,1.5044375864711492,32.149583732954206,11.535950742619942,8.255449974702394,20.829258404236125
left:54,left:31,loop,216,40,20.557939006469205,17.43523990761032,6.731382186342143,6.411487246207914,9.534770398097974
right:54,right:31,loop,189,40,84.57270876895795,17.93032102163166,7.3524849630102995,7.102969617665712,9.87065384633351
left:54,left:52,strong,208,40,38.73635008159879,16.814160193337088,10.216105033615051,7.454952767278025,20.31746926347129
right:54,right:52,strong,193,40,51.13761435616336,15.730511442832086,9.504464627475897,7.747468056265437,19.902168436769266
left:55,left:54,tree,2593,40,43.42059711980835,13.178089132757664,3.31135078566618,2.6238020134851214,5.808984121248859
right:55,right:54,tree,2503,40,114.57389464493495,11.340932711190904,3.9950257752634535,3.052370985973928,6.765695674947989
right:55,left:30,loop,272,40,25.746355119973135,19.562446854207415,8.429686144580463,5.870426198272163,13.810533046083457
right:55,left:29,loop,113,40,1.4784422789812326,51.79030592047004,11.40012959752126,8.31091413278902,22.028611508967902
left:55,right:29,loop,98,40,1.6301274103626051,70.42040063665024,13.608433082091986,9.648866031654364,24.5462702554083
left:55,left:53,strong,322,40,166.96396981254125,22.308142921079735,6.687978891209232,5.171152995178595,12.560471968548349
right:55,right:53,strong,301,40,80.69258209038529,19.633315836938063,7.3906673773303435,6.334680449418045,13.869992952891605
left:56,right:55,tree,943,40,1.0930197469162939,62.09387105946124,3.45410672304805,2.352786065401346,6.443259705170448
right:56,left:55,tree,971,40,1.1006447867691418,61.01943049288916,4.515275051313503,2.754862920993529,9.066783573797135
left:56,right:54,strong,272,40,114.62575214204266,64.18451877617859,3.72696216796749,3.2405995367638907,6.2451194900844555
right:56,left:54,strong,301,40,43.97668815493063,66.80846738069569,4.054004582796095,3.612227060495744,6.941884009246974
left:57,left:56,tree,1731,40,1.3281629918611608,25.272321007305887,2.7518204148479852,2.249269005873495,4.995491155496104
right:57,right:56,tree,1735,40,2.2897568897135305,21.37869808929597,2.2945194703859473,1.8046063054771933,4.4375373946600964
left:57,right:55,strong,197,40,1.5358075385242724,61.1124316101766,4.289717176417616,3.5864681151623694,7.231430313659264
right:57,left:55,strong,183,40,1.3459953454334241,54.75131928353928,2.919101211546234,2.407607846372776,5.362216029335813
left:58,right:57,tree,938,40,49.348565538830826,56.43233299972889,6.115392908406626,4.773677904375033,11.24482062056579
right:58,left:57,tree,882,40,129.6151504225457,59.429641074008316,6.485036409737931,4.8782739791186085,12.563913248015071
left:58,right:56,strong,151,40,48.7043686098389,60.96613886706614,7.183345547033234,5.440608419273811,15.480311861038548
right:58,left:56,strong,136,40,118.45751382563266,57.35977772412692,7.379226559753229,5.9940504792311335,12.337531137535768
left:58,left:54,strong,276,40,1.412404890502719,24.339660225316184,5.542033697127088,4.710026864343245,7.210955993613708
right:58,right:54,strong,254,40,1.5855724236203488,23.21764017136572,5.014578130283738,4.450846800556274,7.4539662105626086
left:59,left:58,tree,1367,40,50.88656758252907,21.722021442335993,5.061729959503908,4.222808042373154,9.68316366378068
right:59,right:58,tree,1381,40,129.8450969466086,22.060842466798846,5.25501888820637,3.9126623639215876,10.810011600549299
left:59,left:57,strong,56,40,4.776502337468015,76.31416928335489,8.426366717632172,7.105384652178222,14.251869216857767
right:59,right:57,strong,61,40,13.927581866267337,55.48356866711715,6.867105203898377,5.782934473189947,11.007594439227438
left:59,right:55,strong,84,40,1.5251826385627736,7.43969027174323,8.7534054806543,6.634747263093415,16.332844324918877
right:59,left:55,strong,83,40,1.359035027752999,11.01932266262448,9.014833358273957,7.945255674591871,14.2997976262822
left:60,right:59,tree,1685,40,1.0934954405974526,9.269340782138014,6.045582585949013,4.919226431309336,11.347916940373402
right:60,left:59,tree,1748,40,1.4693197530110353,13.15872757403929,5.68280851466673,4.408717578354999,11.36974725004631
left:60,left:50,loop,62,40,101.1815965469664,19.761211840651292,4.483470755337093,3.9276920372038893,7.699055389467348
left:60,left:58,strong,96,40,55.86590041341715,16.883549136127215,5.254589375795702,4.7309611268960605,8.934977878850715
right:60,right:58,strong,102,40,141.7158531772756,17.91963125404123,5.334087296361642,4.496954380553548,8.811159558300636
left:61,right:60,tree,1964,40,1.48547034867675,9.1718181219613,3.70106451985526,2.471926533173033,7.456889735496023
right:61,left:60,tree,1974,40,2.2910140114499,9.050627784875523,3.593413710365287,2.460197519370397,7.11604607541281
left:61,left:51,loop,328,40,89.76603151236067,8.952254131982805,5.7409765374346655,4.77523422872126,8.929153732853477
right:61,left:51,loop,361,40,101.82037923759393,8.453938487254787,6.563519456228226,5.585212110709653,11.339325242843476
right:61,right:50,loop,175,40,93.52639703288759,15.236707937625532,5.115694918729222,4.246812728194912,7.516000936244881
right:61,left:50,loop,170,40,91.72714306363771,12.370862319395693,4.560590484997867,3.8449064835751905,7.259390543228985
left:61,left:59,strong,166,40,1.2951929250013878,16.31753352752547,5.654068804275645,3.594406818535699,12.482041245951738
right:61,right:59,strong,162,40,1.317617925549324,13.964931685034246,5.585413772640549,3.930904564368528,9.378783231442432
left:62,left:61,tree,1547,40,79.97799950842746,7.385212519173788,2.176034388529499,1.5114579767950358,4.557219211338095
right:62,right:61,tree,1558,40,94.24508659769891,6.37889312097571,2.3957185382019732,1.8578970172233924,4.707980218286931
right:62,right:49,loop,133,40,56.65008823081743,13.619058141154449,6.281367457580925,3.934119739348387,13.408174658992596
right:62,right:52,loop,59,40,0.9913105004989755,10.318107740170356,6.178775692342448,4.138274673924105,10.423401530898296
left:62,left:52,loop,59,40,1.0061611568442077,10.541111831465738,7.11029677651453,4.563097575430985,14.33381342816822
left:62,left:60,strong,154,40,103.73147476527308,12.08227874239478,2.8690029795159124,2.155287485658319,5.404415806498282
right:62,right:60,strong,154,40,82.07453690803985,15.347388916592829,3.3880326393835736,2.4387419907497216,6.172496015482065
left:62,left:50,strong,378,40,12.522402604849875,9.524693500441835,6.03529652964806,4.419132071757649,12.366918831674226
right:62,right:50,strong,407,40,11.585743864964323,10.757631888706168,6.270584650904295,4.645984564130832,13.198861075104928
left:63,right:62,tree,1418,40,94.00068937296214,7.383558985047603,2.354718661510745,1.5394955989516879,5.59477059521311
right:63,left:62,tree,1428,40,1.4594648912587795,7.457336901954474,2.073608038549493,1.6723118847615734,3.9864020537725735
left:63,left:49,loop,342,40,202.63920123291365,10.085931948641774,5.992878993225359,4.836413847023145,11.13991055556007
left:63,right:50,loop,271,40,73.94753033843301,8.540204354151408,7.292390006866496,5.401546209839935,13.39537505781531
right:63,right:50,loop,277,40,1.0003467003196,8.128785601220805,6.93361376654623,5.059220448810906,12.564292137627149
left:63,right:61,strong,105,40,0.7860860337604305,9.199541842220574,3.1333879453971676,2.4894814340261195,5.760431101351538
right:63,left:61,strong,104,40,79.15563623099501,9.420159737519867,2.9757939813285494,2.4115277837113815,5.232052103965576
left:64,right:63,tree,676,40,8.227955449877019,12.186682415232854,5.561700716481344,4.048120859285517,10.864161992510471
right:64,left:63,tree,688,40,104.28851363388897,10.095975430376857,6.697716635612374,4.856261387187963,12.485882324751906
right:64,left:49,loop,173,40,129.30775131546332,10.778792144368772,12.025966261154908,5.7473271819530565,23.558367624498715
left:64,left:49,loop,179,40,128.33855106857845,11.585151441355592,12.115725426260719,5.4759429874913,28.793990756058818
left:64,right:48,loop,68,40,93.25779820272325,29.474334897674478,13.710411380093392,13.415993534988027,20.81679067480455
left:64,left:47,strong,52,40,0.8846311564914222,22.672826308894994,11.189546891216043,9.282486376564654,20.311059558756725
right:64,right:47,strong,48,40,219.6313004752578,22.276179265049063,10.995464897121046,9.323387832275117,16.419818529577167
left:64,left:62,strong,80,40,0.9315697806108415,14.555306970838615,6.162176573379975,4.72660939162393,10.74622018005506
right:64,right:62,strong,82,40,0.9272631102737717,13.089017052231755,7.357013177686817,4.974704744439464,12.74598410026818
left:65,left:64,tree,415,40,0.9403444543627382,11.913385028884019,10.809629855034196,8.414411066649805,20.51695248201476
right:65,right:64,tree,388,40,61.108862357213646,17.730199580104973,9.339382270925862,7.262663504028005,18.222079829069475
left:65,right:47,loop,95,40,237.16982156661396,12.26960546932685,8.731817402829304,6.076614052479481,17.405219732939774
right:65,left:47,loop,98,40,99.79942889832655,15.911535547493315,8.312960483524368,6.463257609743842,15.652876386927437
right:65,right:48,loop,79,40,17.128309167258443,13.878847293495124,8.695513106380165,6.726956755671335,16.407264315433512
right:65,left:48,loop,83,40,1.0860679879084585,12.918134553853708,11.152863865050703,9.62721284397047,22.80804573338016
left:65,right:46,strong,41,40,154.1944805654139,16.557583205302606,9.646917472150044,4.257456614786412,21.686880459986995
left:66,left:65,tree,516,40,3.1403640269615996,8.742821806185509,7.539076851742258,7.612137210548884,10.672020635971824
right:66,right:65,tree,544,40,61.05750544814577,7.080609028562188,8.918229763856974,9.657888422742031,13.086672373431435
right:66,left:47,loop,78,40,97.23142795874867,11.972102536271557,7.130634740349513,4.606082026437559,12.713613789855051
left:66,right:47,loop,90,40,250.52735005539873,11.063050215037,8.16031605511691,3.9026031498188987,15.400033351124042
right:66,left:46,loop,82,40,81.22234507626023,16.286703998513197,10.999908349541368,7.91197444880911,18.722149362259355
right:66,right:46,loop,88,40,71.57549940798697,14.610960577106304,10.259896682264745,7.014869160741487,19.63410895889963
left:66,left:64,strong,69,40,0.8259965510150118,11.720812358351253,8.145734129077344,4.78874187806763,16.141127688589638
right:66,right:64,strong,75,40,0.9029846200072355,19.198557952772603,15.480399169142256,15.062398197169992,22.827103191490394
left:67,right:66,tree,512,40,130.00284298497334,6.643666921412878,9.08673291632953,9.330062356266435,12.236986024395094
right:67,left:66,tree,503,40,0.9185116475821669,8.379411847213447,7.624602252100221,7.482692092337301,10.979457985475912
left:67,right:46,loop,55,40,236.60971642739042,12.937853909492429,13.798057317926942,11.449704282982013,25.249986780728
left:67,left:45,loop,67,40,31.910530847538237,10.246468022387813,10.663845795182654,8.05591756917685,19.520619603336076
left:67,right:45,loop,65,40,302.0072697644089,8.189843790399184,9.536044500245852,3.654859679622726,16.765949585793553
left:67,left:65,strong,59,40,0.47287023088808694,11.506202055580408,11.648221572730282,11.178190287341708,15.097026903525197
right:67,right:65,strong,70,40,135.26411397387432,10.882659975943648,12.029278317146515,9.358063602693406,26.98944171175746
left:68,left:67,tree,657,40,9.515582023425534,6.177776310841523,5.741684841874544,3.225260345558681,10.995048585299926
right:68,right:67,tree,682,40,243.7644232500985,5.712600016287049,4.611393543887651,2.6964869957523057,10.032696342890057
left:68,right:45,loop,101,40,299.62202122565924,5.268845702106437,7.830308756872167,5.390631987274922,15.33748047829075
right:68,right:45,loop,82,40,249.2121787401845,9.030448327280633,11.14651268841307,7.326639894202897,21.67975422756465
left:68,right:44,loop,83,40,271.5155751059806,9.53559746016752,11.874734300428646,5.141704077169485,25.16319014069108
left:68,left:66,strong,47,40,0.699688036952394,6.377524638042306,7.440282669099245,4.64803246176806,13.257975774276334
right:68,right:66,strong,50,40,0.7624988220293548,21.856300554023044,12.33690628582784,12.940674106576898,19.77455011046249
left:69,right:68,tree,619,40,284.6189234962389,4.0914563476151535,3.435291226139199,1.4445360827929503,6.8979940444765875
right:69,left:68,tree,639,40,37.19969310880329,3.029802112804906,3.2492670410097175,1.956163439631808,4.380891170396981
left:69,left:44,loop,105,40,305.76089964277406,10.09421016552434,9.05910402063713,3.27685087796936,17.171183641623728
right:69,left:44,loop,98,40,279.6051549693249,9.223128903429117,8.076038143541291,3.5716818369120102,15.633694016376062
left:69,left:67,strong,64,40,0.7310057965204324,10.048805948181716,9.237610084356412,4.167206748041503,23.797049586806246
right:69,right:67,strong,66,40,35.008826641322564,5.520853888680008,4.4069715452065985,2.4256143059011697,10.84632386308269
right:69,left:45,strong,43,40,0.5788830676607837,5.893817524383899,6.725845131760262,4.698294325996735,9.355291410923265
