key_i,key_j,roles,provenance,raw_matches,ratio_matches,ransac_inliers,inlier_ratio,mean_reproj_error,coverage_i,coverage_j,quality_score,selected_matches,observation_index
left:0,right:0,intra_pair,intra_pair,10001,7879,7804,0.9998718770019218,0.07925205752929358,0.9751990158072632,0.9751854876786156,110.26703241839063,40,0
left:1,right:1,intra_pair,intra_pair,10000,7909,7850,1.0,0.07943028827272831,0.9808415984684324,0.9807684410420866,110.73621166621899,40,1
left:2,right:2,intra_pair,intra_pair,10000,7907,7858,1.0,0.07685482546331657,0.9736052404795636,0.9735816353741314,113.62128155538456,40,2
left:3,right:3,intra_pair,intra_pair,10001,7791,7746,0.9998709177746224,0.07884972969256414,0.965182256909678,0.9651799163887894,109.60113272237659,40,3
left:4,right:4,intra_pair,intra_pair,10000,7747,7711,1.0,0.07787265045710039,0.9621402035116204,0.9621820430151766,110.58512647214256,40,4
left:5,right:5,intra_pair,intra_pair,10000,7762,7723,0.9997411003236246,0.07096336544661308,0.9403476304296919,0.9403637849298425,118.59325329418118,40,5
left:6,right:6,intra_pair,intra_pair,10000,7773,7730,0.9996120522436311,0.07243646187154781,0.9497107212887996,0.9496630557662538,117.32918971048119,40,6
left:7,right:7,intra_pair,intra_pair,10002,7790,7722,0.9992236024844721,0.0759151152477833,0.9649138249107876,0.9649379964421106,113.69340685171652,40,7
left:8,right:8,intra_pair,intra_pair,10000,7893,7803,0.9982090315977996,0.08518581553054515,0.9774083544649994,0.977361943774085,102.64279197755761,40,8
left:9,right:9,intra_pair,intra_pair,10000,7769,7587,0.9973708426449323,0.09231925119033796,0.9758773512353308,0.9758672293153159,94.19158173228732,40,9
left:10,right:10,intra_pair,intra_pair,10000,7843,7624,0.9951703432972197,0.09968726375633595,0.9803467682156715,0.9803710338033552,87.48451054008163,40,10
left:11,right:11,intra_pair,intra_pair,10000,7934,7685,0.996757457846952,0.093263005043167,0.9755510970755403,0.9755358795275763,93.2832520139847,40,11
left:12,right:12,intra_pair,intra_pair,10000,7871,7640,0.9967384213959556,0.08559072358366838,0.9783771511927988,0.9783530054391156,101.86966756328248,40,12
left:13,right:13,intra_pair,intra_pair,10000,7807,7675,0.9983090530697191,0.0935986746803933,0.9778147622984494,0.9778083557770998,93.29668515372343,40,13
left:14,right:14,intra_pair,intra_pair,10000,7711,7563,0.998811410459588,0.08765960305731331,0.945285152025171,0.9453422114024204,96.19434124835534,40,14
left:15,right:15,intra_pair,intra_pair,10001,7801,7642,0.9972595589194833,0.0866562772476845,0.9814296022777156,0.9814591248533494,100.98919518174871,40,15
left:16,right:16,intra_pair,intra_pair,10000,7858,7695,0.9980544747081712,0.08918174784460504,0.9794847304746535,0.9794543055162563,98.08569709469192,40,16
left:17,right:17,intra_pair,intra_pair,10001,7871,7669,0.9973988815190532,0.09092803351489288,0.9506416743589884,0.9506635894007257,93.27537127446419,40,17
left:18,right:18,intra_pair,intra_pair,10000,7982,7801,0.9966781653251565,0.09217861955714853,0.9788220691959104,0.978786628938496,94.84611819861978,40,18
left:19,right:19,intra_pair,intra_pair,10001,7845,7763,0.9989705314631322,0.08253760508653785,0.9762137888454394,0.9762124403023984,105.83144561256039,40,19
left:20,right:20,intra_pair,intra_pair,10000,7787,7731,0.9993536711478801,0.0766873655054724,0.967770799124723,0.9677655351561434,112.9105246688683,40,20
left:21,right:21,intra_pair,intra_pair,10000,7810,7772,1.0,0.07195676508173741,0.9503650896396224,0.9503316556381571,118.3119291402519,40,21
left:22,right:22,intra_pair,intra_pair,10000,7723,7684,1.0,0.0710989918392874,0.8684406347360015,0.8684274172414912,109.28049612118774,40,22
left:23,right:23,intra_pair,intra_pair,10000,7673,7636,1.0,0.07975220676409271,0.971565415350825,0.9715469942839843,108.91560337327705,40,23
left:24,right:24,intra_pair,intra_pair,10000,7804,7758,1.0,0.08432342205959718,0.9668227736742924,0.9668325820095267,102.69211566647553,40,24
left:25,right:25,intra_pair,intra_pair,10000,7879,7825,1.0,0.08099369156360292,0.9657867755044011,0.9658035426389892,106.90179816264177,40,25
left:26,right:26,intra_pair,intra_pair,10000,7985,7940,0.9997481742634097,0.07924905273749466,0.967628588476361,0.9676986734122408,109.61403087416832,40,26
left:27,right:27,intra_pair,intra_pair,10000,8204,8162,1.0,0.06239055316805358,0.9766451154971916,0.9766561330965072,140.9966664422639,40,27
left:28,right:28,intra_pair,intra_pair,10002,8030,7984,1.0,0.07081146666299626,0.9818768836201675,0.9819055794197498,124.58933398644331,40,28
left:29,right:29,intra_pair,intra_pair,10000,8028,7977,0.9997493420228099,0.0713780132946898,0.9815824436736705,0.9815445906172554,123.51559080122846,40,29
left:30,right:30,intra_pair,intra_pair,10000,8011,7962,0.999874419188748,0.0678191242877516,0.9757045330492172,0.9757373074652657,129.21275266040527,40,30
left:31,right:31,intra_pair,intra_pair,10000,8062,8019,1.0,0.07192329053194038,0.9809751458949605,0.9809541864924566,122.60778112545849,40,31
left:32,right:32,intra_pair,intra_pair,10001,7902,7854,0.9998726925525143,0.07654007350837085,0.9692623468688202,0.9693147006875646,113.56145573260179,40,32
left:33,right:33,intra_pair,intra_pair,10000,7858,7801,0.9998718277364779,0.07332888696580894,0.9517395075011871,0.9517049460828857,116.29931137600836,40,33
left:34,right:34,intra_pair,intra_pair,10000,7965,7914,0.9998736576121289,0.06839050727245437,0.9788496558990417,0.9788439573832493,128.45889304715269,40,34
left:35,right:35,intra_pair,intra_pair,10000,7956,7891,0.9997466109210693,0.07151536252602,0.9776430771545448,0.9776749402902509,122.63990208242893,40,35
left:36,right:36,intra_pair,intra_pair,10000,7987,7908,0.999620781190747,0.07381310827065247,0.9733272353069057,0.9733218967646852,118.31054663741746,40,36
left:37,right:37,intra_pair,intra_pair,10001,8088,7992,0.9982513115163627,0.07836941774577116,0.9717759890112911,0.9717658404520282,111.23239938921283,40,37
left:38,right:38,intra_pair,intra_pair,10000,8085,7974,0.9986224170319349,0.07822205304100228,0.9596825659515401,0.9596470026848262,110.06545624918078,40,38
left:39,right:39,intra_pair,intra_pair,10000,8074,7969,0.9989971167105428,0.07445890663122816,0.9726037218474409,0.9725741124096856,117.22145655135895,40,39
left:40,right:40,intra_pair,intra_pair,10000,8034,7945,0.9994967920493144,0.07423461747494815,0.973365349228796,0.9733814406874924,117.69060620818234,40,40
left:41,right:41,intra_pair,intra_pair,10001,7974,7906,0.9992416582406471,0.0741842931911981,0.9518633623852062,0.9519104673043375,115.07637063177405,40,41
left:42,right:42,intra_pair,intra_pair,10000,7829,7781,0.9996145940390545,0.08372125127004028,0.9580728537556694,0.9581025659963338,102.48901677163784,40,42
left:43,right:43,intra_pair,intra_pair,10000,7793,7745,0.9997418355492449,0.07546977212180837,0.9478896821594339,0.947865545847721,112.4392903202071,40,43
left:44,right:44,intra_pair,intra_pair,10001,7930,7886,0.9997464503042597,0.07687579272819518,0.9453117790227374,0.9452783496939255,110.30383068545873,40,44
left:45,right:45,intra_pair,intra_pair,10000,8007,7949,0.9996227364185111,0.07810596840541777,0.9664606136871223,0.966416866951771,111.0790153591885,40,45
left:46,right:46,intra_pair,intra_pair,10000,7969,7899,0.9996203492786636,0.0838449508539194,0.9683007245394752,0.9682804282586377,103.60247292348392,40,46
left:47,right:47,intra_pair,intra_pair,10000,7935,7880,0.9986060068432391,0.08343125046595647,0.9726681537669092,0.9726523078667735,104.45212294161823,40,47
left:48,right:48,intra_pair,intra_pair,10000,7912,7855,0.9993638676844784,0.07629668988525522,0.9463841441762252,0.9463795019303229,111.17911032218278,40,48
left:49,right:49,intra_pair,intra_pair,10000,8012,7961,0.9998744034162271,0.06958302518927134,0.9768547984788498,0.9768635561206926,126.08401350981417,40,49
left:50,right:50,intra_pair,intra_pair,10000,8173,8117,0.9996305418719211,0.06936969286484655,0.9670624020307114,0.9669393003540303,125.42783977132504,40,50
left:51,right:51,intra_pair,intra_pair,10000,8116,8061,0.9995040297582145,0.0672706465813967,0.9376541217656935,0.9376443385270447,125.31059289889146,40,51
left:52,right:52,intra_pair,intra_pair,10001,8070,8022,0.9998753583447588,0.06333301372760125,0.9700355446033435,0.9700429562282556,137.6763880800983,40,52
left:53,right:53,intra_pair,intra_pair,10000,8026,7993,1.0,0.06392876554489697,0.9604295990907257,0.9604065463973456,135.00193550850298,40,53
left:54,right:54,intra_pair,intra_pair,10001,8162,8111,0.9998767258382643,0.06260868256352257,0.9658576020190389,0.9658833333516923,138.8396893625917,40,54
left:55,right:55,intra_pair,intra_pair,10001,8038,7990,0.9998748592166187,0.06386668775710382,0.9669297491200318,0.9670246405896709,136.02828798383905,40,55
left:56,right:56,intra_pair,intra_pair,10001,7901,7835,1.0,0.07020294330871955,0.9632607939782558,0.9632626800141505,123.02816447551322,40,56
left:57,right:57,intra_pair,intra_pair,10001,7796,7747,0.9998709344346928,0.07396129100330505,0.9748676683303024,0.9748162582726747,118.0133553774528,40,57
left:58,right:58,intra_pair,intra_pair,10000,8126,8080,0.9998762529389927,0.061219268654045596,0.9639215869712286,0.9639311845833691,141.6457428945917,40,58
left:59,right:59,intra_pair,intra_pair,10000,8168,8128,0.9998769836388239,0.061936247141126055,0.9125769753413635,0.9125598306520355,132.6333044947922,40,59
left:60,right:60,intra_pair,intra_pair,10000,8160,8120,0.9998768624553627,0.0624896611265718,0.9269890403614051,0.926946937379677,133.51662458126538,40,60
left:61,right:61,intra_pair,intra_pair,10000,8125,8076,1.0,0.06468886595426084,0.8971635973800666,0.8971640347118474,124.77348064328893,40,61
left:62,right:62,intra_pair,intra_pair,10001,8192,8142,0.9998771951369274,0.06379442581412524,0.9063513313139835,0.9063047799530152,127.91190292182057,40,62
left:63,right:63,intra_pair,intra_pair,10001,8251,8205,0.9998781379478431,0.06954838926153753,0.9236537390206507,0.9234215733787411,119.64784226734795,40,63
left:64,right:64,intra_pair,intra_pair,10001,8013,7960,0.9994977398292315,0.07579544020284308,0.956650885053297,0.9564099884672027,113.28310514259869,40,64
left:65,right:65,intra_pair,intra_pair,10000,8002,7967,1.0,0.07639973055590296,0.956529935827395,0.956533602954301,112.46867592972099,40,65
left:66,right:66,intra_pair,intra_pair,10000,7966,7927,0.9998738647830474,0.07386445534796855,0.9295698588372938,0.9295762727706105,112.97257337215551,40,66
left:67,right:67,intra_pair,intra_pair,10000,7936,7892,1.0,0.07340300038810481,0.9613890779190081,0.9614025299145259,117.5310265609544,40,67
left:68,right:68,intra_pair,intra_pair,10000,7967,7925,0.9998738329548322,0.06998616027236723,0.9540727236619667,0.9540594715266317,122.37063796321227,40,68
left:69,right:69,intra_pair,intra_pair,10001,7892,7845,0.99987254652052,0.07041890099826072,0.9367131170044222,0.936694138089821,119.26993181635193,40,69
left:1,right:0,tree,tree,10000,1538,695,0.5265151515151515,1.515035082248502,0.2847625454286456,0.282462938624974,0.642513448383745,40,70
right:1,left:0,tree,tree,10000,1505,626,0.48489542989930284,1.9614535837257392,0.3278165294149378,0.32337282236295345,0.5149001826439137,40,71
left:2,right:1,tree,tree,10000,1879,809,0.48882175226586105,1.6223159518786772,0.2922751275915706,0.29594839297147063,0.58977885217713,40,72
right:2,left:1,tree,tree,10000,1854,760,0.46740467404674046,1.8526529509656344,0.43929591002193297,0.4416743332136046,0.735313995083171,40,73
left:2,right:0,strong,strong,10000,164,56,0.5490196078431373,1.2721311078886033,0.07399099677348335,0.07494901147837552,0.12910520973801481,40,74
right:2,left:0,strong,strong,10000,175,53,0.452991452991453,1.2919077411683817,0.07684692547777189,0.0783691137587608,0.1074847788668377,40,75
left:3,left:2,tree,tree,10001,1720,772,0.5049051667756703,1.672657522066781,0.31827707788113485,0.3314710827671958,0.6389218762676159,40,76
right:3,right:2,tree,tree,10000,1706,753,0.49280104712041883,1.985376449155569,0.4028701351829319,0.41248924464531345,0.6625294910033446,40,77
left:4,left:2,tree,tree,10000,209,69,0.42073170731707316,1.916480179166861,0.11510207362621742,0.10150630951745304,0.09467359280340099,40,78
right:4,right:2,tree,tree,10000,198,65,0.43333333333333335,1.7370621971480305,0.05917485868234995,0.049786099608342495,0.052034671555535726,40,79
left:4,left:3,strong,strong,10000,1282,600,0.5181347150259067,1.8640766588514317,0.3108530289784496,0.316560525090421,0.5528641265248895,40,80
right:4,right:3,strong,strong,10000,1275,647,0.5558419243986255,1.9228284860027471,0.2544327942874351,0.26209568604148464,0.47615568865615704,40,81
left:5,left:4,tree,tree,10000,981,537,0.608843537414966,1.5383161375220085,0.09795357205266932,0.09969023035089661,0.24377146329264018,40,82
right:5,right:4,tree,tree,10000,986,583,0.6647662485746865,1.4914148450259213,0.2617012031813416,0.26269361514076744,0.7430338675869325,40,83
left:5,left:3,strong,strong,10000,299,140,0.5511811023622047,1.8845621767212135,0.03365264644940781,0.03221419899549057,0.04662591180807664,40,84
right:5,right:3,strong,strong,10000,284,133,0.5588235294117647,1.8116216821603093,0.10189958150834057,0.09394473150046927,0.14193318217069747,40,85
left:6,right:5,tree,tree,10000,490,200,0.5037783375314862,1.4463267550766108,0.23543546043651348,0.24269320937124372,0.43490183583457326,40,86
right:6,left:5,tree,tree,10000,485,180,0.47619047619047616,1.1212488160643805,0.1896670156374059,0.20011247153286293,0.41874335805740764,40,87
left:7,left:6,tree,tree,10002,584,250,0.5787037037037037,1.5428979176237174,0.48510710372873,0.5028915520689348,1.0053662597229267,40,88
right:7,right:6,tree,tree,10000,573,247,0.5652173913043478,1.4507592593269905,0.2879541748972755,0.3008157310588321,0.6185360429276668,40,89
left:8,left:7,tree,tree,10000,684,238,0.4423791821561338,1.7921104513409112,0.22610532753559334,0.24103177283242494,0.3056614461147191,40,90
right:8,right:7,tree,tree,10000,734,258,0.45907473309608543,1.6210404074613078,0.4000011517594317,0.4207821905259401,0.6294735453117346,40,91
left:8,left:6,strong,strong,10000,146,40,0.46511627906976744,1.760827624712484,0.16232926963590152,0.16665218736322746,0.1592330234749106,40,92
right:8,right:6,strong,strong,10000,173,43,0.43434343434343436,1.894492320851219,0.11580983972242644,0.12367242948050275,0.1004751202818532,40,93
left:9,right:8,tree,tree,10000,1048,235,0.31459170013386883,2.0738686964470987,0.4564507075895306,0.46235681023510333,0.37831799666102534,40,94
right:9,left:8,tree,tree,10001,1075,240,0.3252032520325203,1.6202451445356587,0.42118438778290185,0.4262528918337222,0.4636675481588424,40,95
right:9,right:7,strong,strong,10001,399,43,0.3739130434782609,1.7566909529396966,0.17748981268660158,0.20587817317262172,0.14296223402392855,40,96
left:10,right:9,tree,tree,10000,2025,449,0.27681874229346487,1.8763668900248331,0.5208889785145666,0.5168364144199777,0.46582021268776996,40,97
right:10,left:9,tree,tree,10000,2036,442,0.27000610873549175,1.714549971979166,0.5223066120991221,0.5181115612469104,0.49718527815337016,40,98
left:11,left:10,tree,tree,10000,1971,542,0.3370646766169154,1.7108013535548938,0.49721234037489836,0.48749013877313063,0.6048120996472761,40,99
right:11,right:10,tree,tree,10000,1957,533,0.33564231738035266,1.5799644954414163,0.5757625537267813,0.5706299933160095,0.7613261036500449,40,100
left:11,right:9,strong,strong,10000,790,119,0.2570194384449244,1.5674857404630513,0.3488883331146983,0.34501930747343973,0.27084045308049487,40,101
right:11,left:9,strong,strong,10000,778,118,0.25820568927789933,1.3910718607546881,0.2953462798150673,0.29364251015911413,0.2604852343302092,40,102
left:12,left:11,tree,tree,10000,1645,492,0.3870967741935484,1.6134336394103426,0.45297238451365107,0.4491698997584322,0.6681995441941416,40,103
right:12,right:11,tree,tree,10000,1698,499,0.3886292834890966,1.710947484771642,0.4886416857989981,0.4834912637793642,0.6824973449882011,40,104
left:12,right:10,strong,strong,10000,654,127,0.3239795918367347,1.6436721730272081,0.2500104726031083,0.24462346438932522,0.23395040452569513,40,105
right:12,left:10,strong,strong,10000,683,118,0.2789598108747045,1.9316060142617926,0.34018033353101707,0.3319873526148848,0.22913564691425772,40,106
left:13,right:12,tree,tree,10000,735,261,0.5117647058823529,1.711835163314492,0.4195762211561502,0.4081616252746159,0.6794639218272597,40,107
right:13,left:12,tree,tree,10000,763,282,0.5444015444015444,1.5218121150296535,0.3907487784326444,0.3811126105829869,0.7696790614103293,40,108
left:13,right:11,strong,strong,10000,332,85,0.39906103286384975,1.6582891712461734,0.3212905363442649,0.3085890144000931,0.33078311452515874,40,109
right:13,left:11,strong,strong,10000,375,98,0.4537037037037037,1.7294228700986907,0.33674517896221173,0.32853059036423243,0.39604408631747073,40,110
left:14,right:13,tree,tree,10000,1777,649,0.4300861497680583,1.4555364252326917,0.4160022648218673,0.40952185013840703,0.7837565853568267,40,111
right:14,left:13,tree,tree,10000,1763,625,0.4150066401062417,1.4612841448827498,0.4054101634895565,0.3988354192039487,0.7293833609812355,40,112
left:14,right:12,strong,strong,10000,390,140,0.6222222222222222,1.8090732299860695,0.3199463074449955,0.3004548537485309,0.5114047262987262,40,113
right:14,left:12,strong,strong,10000,377,117,0.582089552238806,1.7338420538952632,0.34229979187974835,0.3209780499812106,0.5140863389235423,40,114
left:15,right:14,tree,tree,10001,960,371,0.5455882352941176,1.6946985173108744,0.4995699888611174,0.49887767445976156,0.9506199227850595,40,115
right:15,left:14,tree,tree,10000,945,337,0.5037369207772795,1.5982338873638477,0.47303594920654113,0.4717103944750793,0.8657426956035666,40,116
left:15,left:13,strong,strong,10001,521,143,0.41569767441860467,1.6424550612305961,0.3127410638307162,0.3085840038256793,0.38814796921457856,40,117
right:15,right:13,strong,strong,10000,541,176,0.4943820224719101,1.9358050838984917,0.34194855098738913,0.3415813241253867,0.4515457593349701,40,118
left:15,left:11,strong,strong,10001,612,207,0.5012106537530266,1.9359445233594539,0.3194942772834009,0.2960708899017698,0.40913238446452643,40,119
right:15,right:11,strong,strong,10000,637,213,0.504739336492891,2.098705375914888,0.34493728990232597,0.31658510094534964,0.4085588947896628,40,120
left:16,right:14,tree,tree,10000,361,109,0.5240384615384616,1.8698411555061965,0.3356724918088693,0.3173492012194589,0.41805928045565055,40,121
right:16,left:14,tree,tree,10000,367,109,0.5141509433962265,1.7721429278757121,0.3836902400972434,0.3616004784313979,0.4931316593333497,40,122
left:16,left:15,strong,strong,10000,1441,448,0.4057971014492754,1.6842951540017825,0.5561366319048023,0.5504900201453556,0.8099710215071408,40,123
right:16,right:15,strong,strong,10000,1404,431,0.40545625587958606,1.6178780207782404,0.5056032268683318,0.5009873427434245,0.7619048651925798,40,124
left:16,right:12,strong,strong,10000,480,130,0.44982698961937717,1.722096240513425,0.2570885881798025,0.2416500898769242,0.30772798858479294,40,125
right:16,left:12,strong,strong,10000,500,146,0.512280701754386,2.1108572306995783,0.2930959468443313,0.27643959068375873,0.33480147611068756,40,126
left:17,left:15,tree,tree,10001,520,127,0.41368078175895767,1.7272662776415042,0.2360264598541013,0.2327168962957723,0.270431462685054,40,127
right:17,right:15,tree,tree,10000,523,107,0.37282229965156793,1.4062149525154515,0.20942153606414415,0.2059511371952796,0.25565696944578653,40,128
left:17,right:16,strong,strong,10001,1728,543,0.3966398831263696,1.492599745841993,0.5355856891858907,0.5291743989897535,0.8857673369735405,40,129
right:17,left:16,strong,strong,10000,1703,507,0.38091660405709993,1.5875024297842486,0.5237213939756507,0.518784144844791,0.7755745212108741,40,130
left:18,left:17,tree,tree,10000,1966,625,0.38699690402476783,1.4178363480500746,0.6276702500344694,0.6173395388780892,1.0850436953474976,40,131
right:18,right:17,tree,tree,10000,1953,671,0.4098961514966402,1.5013451777902487,0.6407564622612256,0.6312547739427042,1.1220078521631747,40,132
left:18,left:8,loop,loop,10000,564,121,0.4898785425101215,1.8145695190901157,0.24507801957744468,0.23140045818849922,0.30011222185528114,40,133
right:18,right:8,loop,loop,10000,516,111,0.44047619047619047,1.447638310864036,0.17797569784705541,0.16964338743561377,0.243558259255881,40,134
left:18,left:16,strong,strong,10000,506,150,0.4411764705882353,1.4807149435979314,0.2242457064546685,0.21637729792683025,0.323460018284902,40,135
right:18,right:16,strong,strong,10000,583,183,0.49326145552560646,1.53308812517767,0.2352254537649777,0.22731053738281068,0.38139790971422216,40,136
left:19,left:18,tree,tree,10001,927,309,0.36829558998808104,1.578650857243675,0.5909575154756649,0.5818827988649994,0.7787501515464558,40,137
right:19,right:18,tree,tree,10000,896,282,0.35516372795969775,1.5731492764036141,0.610516337418201,0.5983084132731772,0.7625737148263567,40,138
right:19,right:7,loop,loop,10000,258,72,0.5255474452554745,1.73164539078186,0.32592428094110526,0.3193412655184327,0.41582592290293857,40,139
left:19,left:8,loop,loop,10001,374,123,0.48616600790513836,1.9480464175522716,0.26673469999172084,0.24007128258209393,0.28880033082105055,40,140
right:19,left:8,loop,loop,10000,370,112,0.44621513944223107,1.9247798790612138,0.2653929598908392,0.24607738549339572,0.2696844719865366,40,141
left:19,left:17,strong,strong,10001,341,91,0.3473282442748092,1.296129479161785,0.19071878039136186,0.18258273768713096,0.22123882573634784,40,142
right:19,right:17,strong,strong,10000,347,94,0.34306569343065696,1.7197141872102082,0.24955644387596587,0.24158029079796253,0.21946413097767056,40,143
left:20,right:19,tree,tree,10000,650,375,0.7062146892655368,1.8103145798076032,0.41664383562107116,0.3991668570246929,0.9233397545344634,40,144
right:20,left:19,tree,tree,10000,694,393,0.6822916666666666,1.8479136061697505,0.4983101978014054,0.48100862486586526,1.0613952070872017,40,145
left:20,left:7,loop,loop,10000,204,79,0.5642857142857143,2.243129970686984,0.3130333269767379,0.28412894621891555,0.31320949370829,40,146
right:20,left:7,loop,loop,10000,200,68,0.5151515151515151,1.8454178598922195,0.25009284191578357,0.23026993553549735,0.2721692422758592,40,147
left:20,right:18,strong,strong,10000,172,58,0.43609022556390975,1.6486642642787388,0.18053150305741206,0.16763870376960327,0.1808073648358082,40,148
right:20,left:18,strong,strong,10000,165,59,0.44029850746268656,1.7210146100948005,0.2391254668464452,0.221556602561507,0.23207667243704855,40,149
left:21,left:20,tree,tree,10000,390,197,0.6566666666666666,1.0650573078840675,0.21345179066356146,0.21132749260418573,0.689034494163181,40,150
right:21,right:20,tree,tree,10000,416,201,0.6242236024844721,1.100254285145566,0.2673136025601544,0.26548673856626553,0.7995440044961097,40,151
left:21,left:6,strong,strong,10000,134,41,0.41,1.645802406508698,0.3805515745738938,0.34746145941678613,0.3235291745373232,40,152
right:21,left:6,strong,strong,10000,149,45,0.38461538461538464,1.8151404319850213,0.3392636720597389,0.30314819290118944,0.24593246144315062,40,153
left:22,left:21,tree,tree,10000,712,319,0.5397631133671743,1.9132052006426175,0.3737576032882205,0.3299020795346678,0.5368783555672946,40,154
right:22,right:21,tree,tree,10000,697,298,0.519163763066202,1.840442023007541,0.4209819500013096,0.36949177834618524,0.5941490746289874,40,155
left:22,right:5,loop,loop,10000,381,217,0.7114754098360656,1.622437618283752,0.12614339786848194,0.11349196708126377,0.2679795946582864,40,156
right:22,right:4,loop,loop,10000,261,165,0.7603686635944701,1.4078231405625194,0.14668296085183227,0.13094246392820094,0.3615314798198453,40,157
left:22,left:3,strong,strong,10000,105,57,0.7402597402597403,1.2826383170767046,0.049227781270954646,0.044607891257171364,0.10453571522161849,40,158
left:23,right:22,tree,tree,10000,777,343,0.5036710719530103,1.6410944003374166,0.3674662129790286,0.36611218950336477,0.656278127461158,40,159
right:23,left:22,tree,tree,10000,783,454,0.6656891495601173,1.9468282927751908,0.18100487073941748,0.18404466506583764,0.3787968816068314,40,160
left:23,left:4,loop,loop,10000,386,168,0.5526315789473685,1.8328449410729095,0.20773588420097028,0.18654169245959076,0.288532301003591,40,161
right:23,left:3,loop,loop,10000,241,96,0.5274725274725275,1.2316114445474182,0.09905025193273272,0.09122301396217282,0.17872851829054434,40,162
left:23,left:3,loop,loop,10000,243,111,0.5634517766497462,1.2659969899996937,0.0861713041890452,0.08017238538364618,0.1683652259048649,40,163
left:24,left:23,tree,tree,10000,860,330,0.47413793103448276,1.5765488840782764,0.3125584636675377,0.322566957795204,0.545399621129958,40,164
right:24,right:23,tree,tree,10000,843,322,0.4742268041237113,1.8552616394610577,0.26957658051895117,0.2783372965651421,0.3981202450151499,40,165
left:24,right:2,loop,loop,10000,414,180,0.5960264900662252,2.0894614467920998,0.3278678659083809,0.3280651911020716,0.4861918182806918,40,166
left:24,left:2,loop,loop,10000,413,166,0.538961038961039,1.720860721955081,0.28757385738298735,0.2928632761968965,0.4609571507167605,40,167
left:24,left:3,loop,loop,10000,475,182,0.4879356568364611,1.3416803592373021,0.26531738461631593,0.26018751362267767,0.49294050903172537,40,168
right:24,left:3,loop,loop,10000,495,200,0.5235602094240838,1.8941227283725477,0.3074735544998176,0.29810661531368404,0.4369950311348246,40,169
left:24,left:4,strong,strong,10000,230,69,0.45098039215686275,1.7466760804496921,0.06284330411469784,0.06314190509947885,0.0689349056417411,40,170
right:24,right:4,strong,strong,10000,235,64,0.39263803680981596,2.0274956423135095,0.13724281302376584,0.13484623265700388,0.10900935773885594,40,171
left:24,right:22,strong,strong,10000,167,61,0.5700934579439252,1.9093885617566584,0.03508884731851969,0.040906906075827885,0.04323836121575017,40,172
left:25,right:24,tree,tree,10000,2114,1292,0.7002710027100271,1.5688843973539521,0.43818185545187693,0.4458052986282812,1.4012917271382392,40,173
right:25,left:24,tree,tree,10000,2117,1223,0.6508781266631187,1.911409813342171,0.47068498721630064,0.4840466747765046,1.1395626927871714,40,174
right:25,left:2,loop,loop,10000,597,268,0.5665961945031712,1.5377906765122262,0.3116696104032502,0.3171870294332506,0.6424632532511083,40,175
left:25,right:2,loop,loop,10000,613,262,0.5622317596566524,1.7301486807152453,0.3050268606261344,0.31265991318851893,0.5523227039590396,40,176
right:25,right:3,loop,loop,10000,246,96,0.5333333333333333,1.7208968379485192,0.22309806035170732,0.21180675765409585,0.3002943163564705,40,177
left:25,right:1,strong,strong,10000,362,130,0.5284552845528455,1.733672557218045,0.2793834595576794,0.28776250072153026,0.4151774998392194,40,178
right:25,left:1,strong,strong,10000,373,130,0.4676258992805755,1.828039996740548,0.257585849294447,0.27291436745564607,0.3212379343069226,40,179
right:25,right:23,strong,strong,10000,185,62,0.5391304347826087,1.829270106130215,0.053221003655410805,0.06749080318717716,0.06498720974809626,40,180
left:26,right:25,tree,tree,10000,1786,957,0.6150385604113111,1.641483460163673,0.3985721174601611,0.4136308835458522,1.0251877188439398,40,181
right:26,left:25,tree,tree,10000,1790,933,0.5988446726572529,1.24313411254111,0.3796284542359849,0.3897450942309856,1.250770044262309,40,182
right:26,right:1,loop,loop,10000,768,348,0.5809682804674458,1.6339495719091086,0.28627525365214884,0.27971444273144647,0.5823185598490055,40,183
left:26,left:1,loop,loop,10000,771,324,0.5500848896434635,2.0512206574968035,0.350247533482386,0.3710022562566185,0.543259544952393,40,184
left:26,left:24,strong,strong,10000,253,67,0.3743016759776536,1.482485878315018,0.18176987346147425,0.19953102723293237,0.19364870757864144,40,185
right:26,right:24,strong,strong,10000,256,67,0.34183673469387754,1.7499767602609921,0.1860481074331432,0.20394164140607726,0.1533462791997329,40,186
left:27,left:26,tree,tree,10000,1912,1385,0.8710691823899371,1.014213846058847,0.5226014738925513,0.5244400167936437,3.247001260144185,40,187
right:27,right:26,tree,tree,10000,1920,1343,0.8526984126984127,0.9369287255753657,0.5076602804497202,0.5081111582597921,3.3281239040871435,40,188
left:27,left:0,loop,loop,10000,353,143,0.6163793103448276,1.4829816720852675,0.184115668363683,0.18035088825783865,0.37253779148469884,40,189
right:27,left:0,loop,loop,10000,356,146,0.5725490196078431,1.6809670835234,0.20507628100155517,0.1993767823815137,0.3388956419024037,40,190
left:27,left:1,loop,loop,10000,201,70,0.603448275862069,1.817193816426253,0.18496345475523332,0.18539408668504873,0.26182264678063843,40,191
left:27,right:1,loop,loop,10000,214,77,0.6209677419354839,2.109583852082786,0.1865124355828018,0.18755035100925843,0.2391874399972451,40,192
left:27,left:25,strong,strong,10000,199,78,0.5777777777777777,1.3615405942412702,0.19865239717114022,0.20139911415356096,0.36834119404441523,40,193
right:27,right:25,strong,strong,10000,191,72,0.5538461538461539,1.437561844635681,0.18822429253455597,0.19360170412781952,0.31112992119304883,40,194
left:28,right:27,tree,tree,10002,1205,865,0.8954451345755694,1.0928768872706593,0.41725706402120855,0.41524806112952917,2.3012890172656197,40,195
right:28,left:27,tree,tree,10000,1218,890,0.8882235528942116,1.1394659761720303,0.4621408880044378,0.45740428602757366,2.4218122516737295,40,196
left:28,left:26,strong,strong,10002,327,196,0.8521739130434782,1.1543288535341985,0.27386498056107955,0.27089679561193697,1.0565730615283688,40,197
right:28,right:26,strong,strong,10000,344,202,0.8632478632478633,1.0463352254446754,0.24573742029463347,0.24344997791157183,1.0671627139022417,40,198
left:29,right:28,tree,tree,10000,1407,1012,0.8308702791461412,1.2502459455334907,0.4711167238291716,0.46289955557584395,2.1289841166818015,40,199
right:29,left:28,tree,tree,10001,1398,970,0.8096828046744574,1.2499497216211863,0.44458481877461065,0.4393427817951811,1.9575294529950256,40,200
left:29,right:27,strong,strong,10000,178,69,0.6831683168316832,1.414286367367749,0.183884290977669,0.18201785404580623,0.3735417772724533,40,201
right:29,left:27,strong,strong,10001,201,68,0.6126126126126126,1.4091087881071476,0.22979851763850204,0.22414009414866298,0.4125935460981674,40,202
left:29,left:25,strong,strong,10000,136,48,0.6575342465753424,1.198267083123916,0.1156912652999751,0.11454586969325638,0.24462261159259927,40,203
right:29,right:25,strong,strong,10001,134,47,0.6527777777777778,1.1989826975335462,0.09095051243090436,0.08944482983547422,0.1885180974337059,40,204
left:30,right:29,tree,tree,10000,946,419,0.5513157894736842,1.5331542219055558,0.46291617801711177,0.4489483799400078,0.9751377415404989,40,205
right:30,left:29,tree,tree,10000,938,410,0.5578231292517006,1.6946643412901987,0.46367565632269414,0.45021314081795333,0.8919196423920324,40,206
left:30,left:26,strong,strong,10000,376,189,0.6974169741697417,1.4554915554132075,0.22143595396535679,0.22200974193653178,0.5567288394085085,40,207
right:30,right:26,strong,strong,10000,361,203,0.7602996254681648,1.8042177179357257,0.24685219711687492,0.2421867760099606,0.542755396860694,40,208
left:30,right:28,strong,strong,10000,180,56,0.5544554455445545,1.068712422590193,0.16915310992150193,0.16811337784513083,0.35262809588248617,40,209
right:30,left:28,strong,strong,10000,187,54,0.5806451612903226,1.1661920204914258,0.24385380216557273,0.23641293126014898,0.47170127922949684,40,210
left:31,right:30,tree,tree,10000,1820,875,0.5394574599260172,1.5195060539616565,0.3764018759349841,0.3704097031128079,0.8909833813677197,40,211
right:31,left:30,tree,tree,10000,1837,871,0.5436953807740325,1.5786322916234314,0.4102462484245764,0.40358559374376535,0.94112941710297,40,212
left:31,right:29,strong,strong,10000,141,45,0.5,1.2415077291408538,0.10558586176831462,0.10328623288234182,0.1592602362024481,40,213
right:31,left:29,strong,strong,10000,137,42,0.5121951219512195,1.693435557379842,0.12693902134888077,0.12244989688690872,0.1393000818501334,40,214
left:32,left:31,tree,tree,10001,2020,849,0.4664835164835165,1.3622362955105676,0.3463387682097534,0.3442607716061641,0.795185121546387,40,215
right:32,right:31,tree,tree,10001,2050,862,0.46645021645021645,1.4204749939820631,0.3849478327601952,0.37997695697423056,0.8435328451385637,40,216
left:32,right:30,strong,strong,10001,260,132,0.6666666666666666,1.0678205004868446,0.15819950012134198,0.15422119109384352,0.47086238481821346,40,217
right:32,left:30,strong,strong,10001,267,124,0.6326530612244898,1.0803698354208584,0.09636284178165325,0.09333796386949592,0.2639043609013225,40,218
left:33,left:32,tree,tree,10000,1282,466,0.41495992876224397,1.2833268605267696,0.3608326399590607,0.3616162739804685,0.7171172593458557,40,219
right:33,right:32,tree,tree,10000,1360,505,0.4197838736492103,1.5029241264006195,0.27216636161478497,0.270997730789672,0.47130344036482447,40,220
right:33,right:23,loop,loop,10000,207,76,0.5467625899280576,1.4882194433555067,0.15665727409025512,0.17120463792018553,0.2500071644275918,40,221
left:33,left:23,loop,loop,10000,208,91,0.6066666666666667,1.6387609689625164,0.1419753058575044,0.1614721639401649,0.23766067265071047,40,222
left:33,right:31,strong,strong,10000,244,80,0.42780748663101603,1.5608279650734578,0.13889610560665794,0.13450040081208062,0.16200226516203006,40,223
right:33,left:31,strong,strong,10000,236,84,0.46153846153846156,1.8349819270172603,0.15874073590697013,0.1527638640563612,0.1707020466438106,40,224
left:34,right:33,tree,tree,10000,1173,590,0.5694980694980695,1.3485390658686676,0.30977915257715904,0.3167266754675955,0.8348815605379857,40,225
right:34,left:33,tree,tree,10000,1232,583,0.5363385464581417,1.3983432859397162,0.2956159570662781,0.3005143923873426,0.7222465121096028,40,226
left:34,right:21,loop,loop,10000,238,69,0.375,1.5359007754203005,0.47048297769041264,0.44718181030220405,0.4638601790339192,40,227
right:34,left:21,loop,loop,10000,216,62,0.3924050632911392,1.6839414440384681,0.4991281041113881,0.47233122383718906,0.4560191395861976,40,228
left:34,left:32,strong,strong,10000,227,72,0.4472049689440994,1.6061470222206007,0.06775855043335188,0.0691041731858879,0.08094480114291468,40,229
right:34,right:32,strong,strong,10000,237,82,0.45555555555555555,1.4848569743715918,0.13716911324566824,0.1372853533181219,0.18596066864074698,40,230
right:34,left:20,strong,strong,10000,128,42,0.5526315789473685,1.286012426763362,0.24516365331521564,0.22176256392575838,0.35843042738960434,40,231
left:35,right:34,tree,tree,10000,1112,555,0.5709876543209876,1.230005235361272,0.3343822345298477,0.34639879368758136,0.981143364651534,40,232
right:35,left:34,tree,tree,10000,1055,511,0.5665188470066519,1.1526188364863736,0.3291784170854197,0.33929803220766264,1.009317018470223,40,233
right:35,right:19,loop,loop,10000,137,60,0.5825242718446602,1.6553522141301298,0.24489915131669954,0.2180600836923084,0.3154522831385877,40,234
right:35,left:19,loop,loop,10000,144,57,0.5135135135135135,1.5351907965893323,0.24356797948492645,0.21867201261933986,0.2969995952065579,40,235
left:35,left:20,loop,loop,10000,219,66,0.4,2.2396737812160707,0.25278374437144774,0.25540972158467456,0.189827193336263,40,236
left:35,right:20,loop,loop,10000,212,65,0.4088050314465409,1.6190346937285731,0.17440259301735406,0.18111252450316692,0.18449771085231237,40,237
left:35,left:33,strong,strong,10000,199,89,0.6180555555555556,1.5934081011926373,0.09782630499700413,0.10015453220547567,0.17074579456048958,40,238
right:35,right:33,strong,strong,10000,205,91,0.610738255033557,1.616970147370636,0.13230740758478182,0.13964126527989826,0.22596816856012988,40,239
left:35,right:18,strong,strong,10000,112,40,0.5128205128205128,1.7964487920154313,0.09957050249343777,0.08977188718233955,0.09516615353562542,40,240
left:36,right:35,tree,tree,10000,935,420,0.5405405405405406,1.1664466608369066,0.25589020871250545,0.2631757421848449,0.7165440428714872,40,241
right:36,left:35,tree,tree,10000,911,400,0.5319148936170213,1.20007543440894,0.22554598639060544,0.23351137132494176,0.599214466921241,40,242
left:36,left:18,loop,loop,10000,223,80,0.45977011494252873,1.4391059373113075,0.2529327220192112,0.22603511153996916,0.31734234169821,40,243
right:36,right:18,loop,loop,10000,229,81,0.46285714285714286,1.5396673962778047,0.2423834566060553,0.2165383680083084,0.28686001481803924,40,244
left:36,left:19,loop,loop,10000,303,108,0.47368421052631576,1.5837666382351203,0.3432383535289451,0.31602318426034476,0.44341872353542516,40,245
right:36,left:19,loop,loop,10000,296,105,0.46875,1.8069637854916183,0.35238596673178524,0.3213118742963909,0.388709071705638,40,246
left:36,left:20,strong,strong,10000,254,62,0.43356643356643354,1.6883272184576417,0.20018198085293176,0.19733026441581838,0.20995273019184046,40,247
right:36,right:20,strong,strong,10000,226,56,0.42105263157894735,1.3735121123465446,0.1398512071305857,0.13832487481608557,0.17144037599904305,40,248
left:36,left:34,strong,strong,10000,182,50,0.4032258064516129,1.5329133416863068,0.11234197114904015,0.11704333653158587,0.11618945674332638,40,249
right:36,right:34,strong,strong,10000,177,55,0.4330708661417323,1.3589410962673851,0.1421422260403231,0.14837756899457033,0.18234126321370628,40,250
left:37,left:36,tree,tree,10001,972,313,0.42585034013605444,1.7524308168577603,0.5401777126300739,0.5581440732662689,0.7547003045450646,40,251
right:37,right:36,tree,tree,10001,928,291,0.40360610263522884,1.9239225588948363,0.5624033292413863,0.5797727943700394,0.6697579139240011,40,252
left:37,left:18,loop,loop,10001,520,171,0.4170731707317073,1.9538813236266213,0.4067083175914565,0.36791663442740813,0.4042585024458484,40,253
right:37,right:18,loop,loop,10001,515,165,0.4084158415841584,1.5493120198880388,0.29437753258834526,0.26878452713011813,0.36220753502196573,40,254
right:37,left:9,loop,loop,10001,202,54,0.4462809917355372,1.677449622130391,0.12148706406780511,0.09294367170027792,0.09909093411214248,40,255
left:37,right:9,loop,loop,10001,199,55,0.4365079365079365,1.702426806116678,0.11889183263504394,0.0900383309983096,0.0929297366809098,40,256
left:37,right:19,strong,strong,10001,329,74,0.37,1.8435609735052076,0.2188420460864825,0.20146349990148352,0.17457076197901955,40,257
right:37,left:19,strong,strong,10001,368,93,0.42272727272727273,1.7483658735712837,0.2700915224626268,0.2533821218155757,0.2783393335676895,40,258
left:38,right:36,tree,tree,10000,308,80,0.40816326530612246,1.6430805343090154,0.14407181779184128,0.15368297224544772,0.15727448815730816,40,259
right:38,left:36,tree,tree,10002,302,78,0.430939226519337,1.6926289422953442,0.11474141493264087,0.12197114301762958,0.12764410728032682,40,260
left:38,right:17,loop,loop,10000,521,186,0.46153846153846156,1.8714109813052857,0.45038809917806555,0.42485308760003165,0.5481141437530632,40,261
left:38,left:17,loop,loop,10000,560,167,0.40931372549019607,1.7512415793668306,0.45150978604472725,0.42972457729028224,0.5146432264697723,40,262
left:38,right:18,loop,loop,10000,412,126,0.4666666666666667,1.4430351071811043,0.30633448298287863,0.2861022074029542,0.4481998420451746,40,263
left:38,left:18,loop,loop,10000,389,128,0.47058823529411764,1.6053153427909288,0.33399000602106527,0.3113637100235687,0.4435758947151911,40,264
left:38,left:37,strong,strong,10000,1278,418,0.39433962264150946,2.0189350791341854,0.4483868559562668,0.4591829342524031,0.5287915965774761,40,265
right:38,right:37,strong,strong,10002,1365,383,0.3431899641577061,1.2484191122714605,0.4653200008122533,0.4748987705874779,0.7611835716138046,40,266
left:38,right:9,strong,strong,10000,233,61,0.4552238805970149,1.5664945550988654,0.17659613461855034,0.1433642693074158,0.17194335858778387,40,267
right:38,left:9,strong,strong,10002,246,56,0.4666666666666667,1.533443150458439,0.14075301114967959,0.1137542219716827,0.13996375668834715,40,268
left:39,right:38,tree,tree,10000,1509,498,0.40096618357487923,1.639625479533002,0.6235855333162355,0.6030290970214172,0.9161675597271428,40,269
right:39,left:38,tree,tree,10000,1478,499,0.41069958847736626,1.6413141050559756,0.6369149347432439,0.6148620754599045,0.95614499204391,40,270
left:39,right:16,loop,loop,10000,405,149,0.5246478873239436,1.8098606521498974,0.4067067410592215,0.35472119852607226,0.515231594494625,40,271
right:39,left:16,loop,loop,10000,380,139,0.49642857142857144,1.8176772362821159,0.42993165762668445,0.37605502927357154,0.507530889412432,40,272
left:39,left:17,loop,loop,10000,295,104,0.5123152709359606,1.5004488966114347,0.3647736390289683,0.3261026233109554,0.5181944710145019,40,273
right:39,left:17,loop,loop,10000,291,104,0.5048543689320388,1.479881591323513,0.34178582423403175,0.3052516572299232,0.4846403470129192,40,274
left:39,right:15,strong,strong,10000,230,77,0.5238095238095238,1.5662500297448092,0.2813163935455068,0.2480542321694452,0.36142417436326163,40,275
right:39,left:15,strong,strong,10000,229,83,0.4911242603550296,1.5293286570469589,0.20823491981768155,0.18352819263232584,0.2611420797784224,40,276
left:39,right:37,strong,strong,10000,370,92,0.359375,1.499764684731449,0.2746926646528978,0.275359350816152,0.2983450644245607,40,277
right:39,left:37,strong,strong,10000,327,83,0.350210970464135,1.2300467244991662,0.262736664962694,0.2622549000753432,0.33083784977314784,40,278
left:40,right:39,tree,tree,10000,1462,612,0.5037037037037037,1.4790064095153377,0.5388142593697264,0.5198154379081065,1.1362617165913982,40,279
right:40,left:39,tree,tree,10000,1420,631,0.5338409475465313,1.6403819276665341,0.5622082431157197,0.5364600503689787,1.1258718388910463,40,280
left:40,left:15,loop,loop,10000,371,156,0.5416666666666666,1.6588953915648075,0.41955745510733955,0.36131990662348806,0.5965308605685222,40,281
right:40,left:15,loop,loop,10000,381,161,0.5570934256055363,1.9498157957159443,0.4160229033675192,0.35779661466935414,0.5200955035577158,40,282
left:40,right:16,loop,loop,10000,290,143,0.6137339055793991,1.8201035328856743,0.3969415049621185,0.34632736870769715,0.5803776402831873,40,283
right:40,right:16,loop,loop,10000,291,135,0.5844155844155844,1.7321537384810393,0.36751820638153737,0.31920786238579424,0.5290843776752001,40,284
left:40,right:38,strong,strong,10000,375,122,0.4552238805970149,1.7341987686236922,0.2969944998305821,0.2852217349245167,0.36028882076522023,40,285
right:40,left:38,strong,strong,10000,387,124,0.4714828897338403,1.8552472907975046,0.2818479377012207,0.27028166087082367,0.3316469118646782,40,286
left:40,right:12,strong,strong,10000,179,48,0.42105263157894735,1.6289061586308804,0.21852709148289895,0.17397411750016253,0.175015887701274,40,287
right:40,left:12,strong,strong,10000,173,48,0.4485981308411215,1.9349706896066163,0.12124533534401666,0.09145745916086785,0.08251915175374917,40,288
left:41,left:40,tree,tree,10001,1571,798,0.579100145137881,1.2461944434444925,0.601128392611164,0.5884676749634707,1.8276163852105916,40,289
right:41,right:40,tree,tree,10000,1566,722,0.5224312590448625,1.4305029599941423,0.510041337057622,0.5021111728825932,1.2072322453176456,40,290
right:41,left:15,loop,loop,10000,264,113,0.5330188679245284,1.7774288424033196,0.3899770848557866,0.32690999776598423,0.4643101833949957,40,291
left:41,left:15,loop,loop,10001,266,109,0.529126213592233,1.6764134619774296,0.32523737824769,0.27674369687552247,0.4105800657759903,40,292
left:41,right:39,strong,strong,10001,324,88,0.3651452282157676,1.7162576388190802,0.20739038196068063,0.19776220342922426,0.18886027147619824,40,293
right:41,left:39,strong,strong,10000,328,93,0.38114754098360654,1.5112717187041418,0.3686192162265165,0.3461068066728813,0.3965804817816038,40,294
left:42,right:40,tree,tree,10000,254,75,0.4601226993865031,1.508411609846663,0.29975515827093313,0.28004875913940186,0.3699547440325136,40,295
right:42,left:40,tree,tree,10000,255,96,0.5454545454545454,1.7714917948359814,0.24177361114031048,0.23074016325762473,0.3250169660033331,40,296
left:42,right:41,strong,strong,10000,521,187,0.5451895043731778,1.4506969327089816,0.2915691382737677,0.2800054661454301,0.5510275313485892,40,297
right:42,left:41,strong,strong,10000,497,200,0.5780346820809249,1.6918522261440296,0.37052076534175465,0.35687379594032087,0.6466249688384823,40,298
left:43,right:42,tree,tree,10000,1319,763,0.6746242263483643,2.0045139571619623,0.5462266042295777,0.5336129916319604,1.1922118133056707,40,299
right:43,left:42,tree,tree,10000,1255,709,0.6451319381255687,1.7141812934841267,0.4647420023362687,0.44874317014313814,1.1087704636045164,40,300
right:43,right:41,strong,strong,10000,119,43,0.48863636363636365,1.314760201295178,0.2035418047225487,0.18479832255878592,0.2599021190022641,40,301
left:44,left:43,tree,tree,10001,715,340,0.6525911708253359,1.2402188095715705,0.31135215687600176,0.304885821477112,0.9355963561332579,40,302
right:44,right:43,tree,tree,10000,692,373,0.6920222634508348,1.2705722917913072,0.36358456302809394,0.3567076778598676,1.1509768912485165,40,303
left:44,right:40,strong,strong,10001,424,151,0.4494047619047619,1.9208410576658772,0.3952901218812162,0.35376398805351816,0.41581383697832636,40,304
right:44,left:40,strong,strong,10000,413,169,0.5105740181268882,1.6421903073441773,0.3983696571348465,0.3945725038440952,0.6300423612080231,40,305
left:44,right:42,strong,strong,10001,321,114,0.49137931034482757,1.6198992032694914,0.3844611318752338,0.37236088938442896,0.5359480191611922,40,306
right:44,left:42,strong,strong,10000,352,125,0.5,1.5080171849003607,0.3122574012658919,0.301921789490251,0.48413835537486977,40,307
left:45,right:44,tree,tree,10000,908,375,0.4851228978007762,1.5722332351260992,0.40271855980691657,0.41495431087383916,0.7368189259878001,40,308
right:45,left:44,tree,tree,10000,922,421,0.5178351783517835,1.5771862141521928,0.38201932795086874,0.3940108593139754,0.7582114276321081,40,309
left:45,left:41,strong,strong,10000,153,51,0.5604395604395604,1.2863558409050455,0.1572941852847208,0.1645495712738006,0.27077827052888537,40,310
right:45,right:41,strong,strong,10000,154,57,0.5327102803738317,1.3571272706420994,0.15351984245212466,0.1597146651667875,0.2446854335403777,40,311
left:46,left:45,tree,tree,10000,1235,551,0.5193213949104618,1.4311232748170812,0.41223091393136313,0.4110557094239885,0.9417443888209527,40,312
right:46,right:45,tree,tree,10001,1213,573,0.5375234521575984,1.4824572904558924,0.4153043224012719,0.41380337740164874,0.9531527057005345,40,313
left:46,right:44,strong,strong,10000,235,101,0.5343915343915344,1.1783411190118624,0.22223822345751232,0.2219518176534296,0.4655389881178082,40,314
right:46,left:44,strong,strong,10001,230,94,0.5310734463276836,1.1547599000426043,0.22292224588282683,0.22271715044794954,0.46644180160007426,40,315
left:47,left:45,tree,tree,10000,254,105,0.5526315789473685,1.646977104279812,0.2860767202374329,0.28318978982794096,0.44313063268018266,40,316
right:47,right:45,tree,tree,10000,236,91,0.4918918918918919,1.456822471134223,0.25117520598205323,0.2509438678119201,0.38313301214025974,40,317
left:47,left:37,loop,loop,10000,311,96,0.3794466403162055,1.6352891918268249,0.32137632134869526,0.30545952186761316,0.3242449411158237,40,318
right:47,left:37,loop,loop,10000,317,102,0.38636363636363635,1.9560365656402752,0.3586051579009515,0.337837283508125,0.30927938587352255,40,319
left:47,right:46,strong,strong,10000,1248,568,0.5472061657032755,1.6796021747127037,0.4168892554295347,0.41426118998708333,0.8561966667837302,40,320
right:47,left:46,strong,strong,10000,1241,556,0.535645472061657,1.540495848324629,0.41556435455691626,0.4156554829241428,0.913583467246246,40,321
right:47,left:36,strong,strong,10000,166,41,0.328,1.6265981513969323,0.1834862944470693,0.1859930141898776,0.13829225005571352,40,322
right:47,right:36,strong,strong,10000,156,44,0.36666666666666664,1.6031810914880857,0.32290554719490755,0.3128253302554691,0.27235469227973463,40,323
left:48,left:47,tree,tree,10000,756,268,0.4260731319554849,1.6034803557430743,0.23820474361047977,0.23502117960573116,0.3493855366543574,40,324
right:48,right:47,tree,tree,10000,746,250,0.39556962025316456,1.6104680583050768,0.32175727770667223,0.3283370572718312,0.4366835259906478,40,325
left:48,left:36,loop,loop,10000,236,80,0.4444444444444444,1.6618330465834383,0.3540527876640131,0.3356529816918464,0.39447981241407837,40,326
right:48,left:36,loop,loop,10000,232,82,0.4530386740331492,2.234228528740535,0.4489166637826809,0.4240936094613605,0.3799947135392046,40,327
left:48,left:37,loop,loop,10000,155,56,0.4375,1.614109706260275,0.3179541916395923,0.29210664886035087,0.3201071907219894,40,328
left:48,right:35,strong,strong,10000,137,46,0.4423076923076923,1.7182375767469753,0.29372591659808234,0.2840263392993007,0.28149910778843257,40,329
right:48,left:35,strong,strong,10000,146,44,0.42718446601941745,1.458408935931967,0.3006179041826065,0.29065280588264397,0.32408186533117395,40,330
left:48,left:46,strong,strong,10000,209,60,0.3870967741935484,1.3361690123750056,0.19289635671611077,0.195375321027636,0.22972909830365595,40,331
right:48,right:46,strong,strong,10000,192,67,0.432258064516129,1.4270782076019586,0.18451882764281108,0.18592937150474836,0.23582915608046723,40,332
left:49,right:48,tree,tree,10000,733,298,0.4885245901639344,1.6541841769540169,0.5010835103978732,0.507217196772573,0.8435698837421082,40,333
right:49,left:48,tree,tree,10001,709,273,0.46507666098807493,1.4900633194104653,0.5055205345011251,0.508748570402797,0.8856523637100009,40,334
right:49,left:35,loop,loop,10001,350,155,0.5827067669172933,1.547466056261782,0.37576882098226083,0.3589070840658054,0.6824796002329246,40,335
left:49,right:34,strong,strong,10000,142,41,0.43157894736842106,1.6881077742542618,0.2737716686696253,0.2678022382857524,0.25590274067646157,40,336
right:49,right:34,strong,strong,10001,144,42,0.42857142857142855,1.878066580391174,0.17203064439708035,0.1725871923744619,0.14765367331328197,40,337
left:50,left:49,tree,tree,10000,1329,830,0.7274320771253286,1.137785597239124,0.3482521277229492,0.33906642533764514,1.457322324988257,40,338
right:50,right:49,tree,tree,10000,1341,894,0.7621483375959079,1.4043167907045226,0.5507894323857246,0.548548812468598,2.023463591019085,40,339
left:50,right:34,loop,loop,10000,396,167,0.5859649122807018,1.4262214666547197,0.22380263967288877,0.1929831529052708,0.4062653686817877,40,340
right:50,left:34,loop,loop,10000,385,139,0.5325670498084292,1.4941967433173655,0.22166015602847192,0.20794295626247672,0.36625346939950787,40,341
right:50,right:35,loop,loop,10000,366,202,0.7372262773722628,1.6164996242535095,0.2578777900488141,0.23483979995483115,0.5690537431546732,40,342
left:51,right:50,tree,tree,10000,1932,1479,0.8803571428571428,1.1550260033836814,0.3304038789213951,0.3350516703983996,1.8383267070472114,40,343
right:51,left:50,tree,tree,10000,1864,1425,0.8796296296296297,1.1658331439956782,0.322802066472404,0.3274247061672372,1.7688590228989522,40,344
right:51,left:32,loop,loop,10000,206,61,0.46564885496183206,1.609774405950022,0.1966530509041085,0.21296799996940924,0.23476997310203862,40,345
left:51,left:34,loop,loop,10000,329,163,0.6848739495798319,1.6125900588831714,0.22161098801003684,0.21195445491546572,0.45907934198090905,40,346
left:51,right:49,strong,strong,10000,285,112,0.6120218579234973,1.455187501985497,0.13810164934769656,0.13508573036224628,0.26858291647196114,40,347
right:51,left:49,strong,strong,10000,244,103,0.639751552795031,1.1937398751115866,0.0926515440994353,0.09060630473565517,0.2255217681057993,40,348
left:51,left:33,strong,strong,10000,368,129,0.5375,1.475248958468788,0.15563229697434244,0.14075240770179628,0.2496190488790056,40,349
right:51,right:33,strong,strong,10000,382,153,0.5708955223880597,1.5340621169321906,0.1754815363744125,0.15875696295805528,0.2975870681610043,40,350
left:52,left:51,tree,tree,10001,2748,2196,0.8773471833799441,1.110615105402824,0.3757769326315915,0.3825936127640027,2.2842187163665586,40,351
right:52,right:51,tree,tree,10000,2672,2136,0.8754098360655738,1.0789325219854544,0.4213076313589603,0.42929195887269067,2.620900228230802,40,352
left:52,left:31,loop,loop,10001,230,70,0.47619047619047616,1.250690258342947,0.13373421281121023,0.14130499305366986,0.21704802349808533,40,353
right:52,right:31,loop,loop,10000,242,73,0.474025974025974,1.485383867355854,0.13524038549698927,0.14298339316778974,0.18575836292381429,40,354
right:52,right:32,loop,loop,10000,408,126,0.4772727272727273,1.4363262215166395,0.32490585911095604,0.3306980784667518,0.5229879440911877,40,355
left:52,right:50,strong,strong,10001,413,209,0.6943521594684385,1.4952392838452606,0.21975327751596432,0.228655685527698,0.5456612084166649,40,356
right:52,left:50,strong,strong,10000,418,220,0.6875,1.249970259649895,0.21187768356188552,0.21965823634738288,0.6290770786946511,40,357
left:52,left:33,strong,strong,10001,290,121,0.6269430051813472,1.6597627379250572,0.137136894309076,0.12575139206076,0.22819151509692856,40,358
right:52,right:33,strong,strong,10000,302,134,0.6633663366336634,1.8109933810460364,0.2719075370260095,0.2675064368739423,0.4806554854329165,40,359
left:53,left:52,tree,tree,10000,2481,1689,0.7414398595258999,1.3401549167409346,0.3660874690927796,0.3779372253575369,1.505356759521543,40,360
right:53,right:52,tree,tree,10000,2486,1780,0.791814946619217,1.6381470095400228,0.33438521315828235,0.3447683426631187,1.2097771594136877,40,361
right:53,left:30,loop,loop,10000,252,91,0.5481927710843374,1.5229849186256463,0.1635718667456267,0.1803762000632231,0.26622956270627196,40,362
left:53,right:30,loop,loop,10000,242,86,0.5308641975308642,1.281768601015572,0.12918579958512055,0.14365758216180557,0.23894504583113346,40,363
left:53,right:32,loop,loop,10000,334,147,0.6363636363636364,1.2634666418174962,0.27274717247349767,0.28287061015975806,0.6864822082897823,40,364
left:53,right:51,strong,strong,10000,494,276,0.7282321899736148,1.2875391349613243,0.2512277061182611,0.2656029160265969,0.7991407801009396,40,365
right:53,left:51,strong,strong,10000,474,272,0.7727272727272727,1.2317871166997316,0.265294812510653,0.2808914215108387,0.9335572525605887,40,366
left:53,right:31,strong,strong,10000,504,150,0.4143646408839779,1.6667547839078762,0.2966130386280707,0.31277734382294686,0.36997236005824796,40,367
right:53,left:31,strong,strong,10000,493,164,0.4568245125348189,1.5245544431348326,0.3185479301856357,0.34277214400970946,0.4873681417233828,40,368
left:54,right:53,tree,tree,10001,2679,1834,0.7578512396694215,1.525797891841579,0.3134664060487015,0.3213501415202693,1.1700248552891697,40,369
right:54,left:53,tree,tree,10000,2728,1936,0.7822222222222223,1.583615291207202,0.348590685484323,0.35859802617052855,1.3032522572197087,40,370
left:54,left:30,loop,loop,10001,656,244,0.5158562367864693,1.4308166269235822,0.2974710096222097,0.3111008610504134,0.5899987357289143,40,371
right:54,right:30,loop,loop,10000,669,228,0.46060606060606063,1.671453952606792,0.37492599510484204,0.4075407028131818,0.5614071507735205,40,372
left:54,left:31,loop,loop,10001,429,216,0.6565349544072948,1.4221888229935562,0.13188675789530493,0.13184438209547117,0.3274431468532597,40,373
right:54,right:31,loop,loop,10000,431,189,0.6019108280254777,1.3565103406417265,0.13043956323208375,0.13041385658608143,0.30363058888413663,40,374
left:54,left:52,strong,strong,10001,445,208,0.6208955223880597,1.8991247551855888,0.22579190079271097,0.2421702127533279,0.39437031823487534,40,375
right:54,right:52,strong,strong,10000,427,193,0.603125,1.756298451029757,0.19477132561558108,0.209608030108267,0.3523447930986531,40,376
left:55,left:54,tree,tree,10001,3462,2593,0.8103125,1.3468773603963338,0.3666886897176643,0.36600087836865436,1.7309386537248408,40,377
right:55,right:54,tree,tree,10000,3468,2503,0.7790227201991908,1.290802053406396,0.3745597291980356,0.3736253585764911,1.7646013729879377,40,378
right:55,left:30,loop,loop,10000,638,272,0.5483870967741935,1.6547265212622733,0.2732808050635419,0.2835880511788873,0.5080328960512396,40,379
right:55,left:29,loop,loop,10000,338,113,0.4767932489451477,1.6578757335052003,0.2504734269012248,0.2599115991555015,0.3411688798803258,40,380
left:55,right:29,loop,loop,10001,340,98,0.41350210970464135,1.6176584484051564,0.23315738148120624,0.23493953006502205,0.27386506968130603,40,381
left:55,left:53,strong,strong,10001,669,322,0.6228239845261122,1.8338722582428595,0.18877142509779773,0.1889704920737459,0.3704108245113666,40,382
right:55,right:53,strong,strong,10000,610,301,0.6323529411764706,1.7957501869157135,0.19209496308314328,0.1925674826432485,0.386276193860372,40,383
left:56,right:55,tree,tree,10001,1263,943,0.942057942057942,1.234593597135576,0.4297141343646572,0.41399127811120906,2.1639289902609016,40,384
right:56,left:55,tree,tree,10000,1304,971,0.9336538461538462,1.2832504942428744,0.43819266004763363,0.4216176532735238,2.1102828554639546,40,385
left:56,right:54,strong,strong,10001,524,272,0.7771428571428571,1.8117980043342738,0.3132541535059794,0.3040405656500744,0.731550554053292,40,386
right:56,left:54,strong,strong,10000,491,301,0.8502824858757062,1.8299823125859245,0.3104394090077565,0.3002781322357748,0.7967249090818921,40,387
left:57,left:56,tree,tree,10001,2926,1731,0.6539478655081225,1.2125345754567967,0.3688219078638414,0.35684318779086616,1.4351326976330476,40,388
right:57,right:56,tree,tree,10000,2946,1735,0.6564510026485055,1.267424334299366,0.3700515066611494,0.3586607917149205,1.3856839080453116,40,389
left:57,right:55,strong,strong,10001,410,197,0.7086330935251799,1.9152213588890548,0.30426272101120205,0.2803029296699281,0.5484578296066418,40,390
right:57,left:55,strong,strong,10000,373,183,0.6931818181818182,1.6665336196735907,0.22970917086952547,0.2171578096641114,0.4710394034181051,40,391
left:58,right:57,tree,tree,10000,1484,938,0.8322981366459627,1.33436565514389,0.42606114097866193,0.4116017806793002,1.7572871430306942,40,392
right:58,left:57,tree,tree,10000,1440,882,0.8320754716981132,1.3052908428042087,0.41638651771887236,0.40354061038603956,1.7449580095493524,40,393
left:58,right:56,strong,strong,10000,335,151,0.6863636363636364,1.8131030480372108,0.299080159684179,0.27849023650398597,0.529640046822317,40,394
right:58,left:56,strong,strong,10000,317,136,0.6903553299492385,1.6098716040320205,0.29658456099269953,0.2804649945729892,0.5917295464822434,40,395
left:58,left:54,strong,strong,10000,574,276,0.6079295154185022,1.695859109169762,0.2897937188379621,0.2650636298656808,0.5343920756649824,40,396
right:58,right:54,strong,strong,10000,577,254,0.5852534562211982,2.0810189046850716,0.27069607305248056,0.24018196240566997,0.3742975183763854,40,397
left:59,left:58,tree,tree,10000,2120,1367,0.7478118161925602,1.3961698298740464,0.3238212336871094,0.3145951661106093,1.2167727478032213,40,398
right:59,right:58,tree,tree,10000,2091,1381,0.7613009922822491,1.535609131577105,0.39563681032419934,0.38151285016975145,1.367729443596793,40,399
left:59,left:57,strong,strong,10000,176,56,0.5957446808510638,1.6967163933920646,0.2526524497072101,0.23032044260400883,0.32695832240584943,40,400
right:59,right:57,strong,strong,10000,169,61,0.6421052631578947,1.5679016770628589,0.20052021253688043,0.18964425979869703,0.320534986853149,40,401
left:59,right:55,strong,strong,10000,249,84,0.5454545454545454,1.858810328043665,0.25622727789277205,0.22717666439292,0.29616190586193897,40,402
right:59,left:55,strong,strong,10000,236,83,0.5496688741721855,1.5955799671913018,0.15676209265020272,0.1378825264763457,0.21046279034897764,40,403
left:60,right:59,tree,tree,10000,2507,1685,0.7556053811659192,1.4075774834406538,0.3007892365198263,0.2977708508096155,1.1876817681717238,40,404
right:60,left:59,tree,tree,10000,2467,1748,0.7923844061650045,1.753854970198655,0.437730840644973,0.43043066253506335,1.4520436922347497,40,405
left:60,left:50,loop,loop,10000,138,62,0.7126436781609196,1.3945939702218224,0.1384807867029276,0.1290241173442893,0.27316452295591664,40,406
left:60,left:58,strong,strong,10000,272,96,0.5818181818181818,1.235383494218939,0.11835346284151325,0.11497318788994464,0.2477110484405165,40,407
right:60,right:58,strong,strong,10000,261,102,0.56353591160221,1.3096040752453286,0.11604839009760802,0.11242576209696303,0.22421849431157678,40,408
left:61,right:60,tree,tree,10000,2682,1964,0.8149377593360996,1.2622825416410792,0.46240831873675386,0.4599078682830027,2.251612198768974,40,409
right:61,left:60,tree,tree,10000,2666,1974,0.8211314475873545,1.1221011791830733,0.44033242510670756,0.43853818108386017,2.435193845316118,40,410
left:61,left:51,loop,loop,10000,557,328,0.8078817733990148,1.1237241831787945,0.34507542258606977,0.31771501261344653,1.3239090074978372,40,411
right:61,left:51,loop,loop,10000,562,361,0.8698795180722891,1.4021201085813066,0.3846873825264374,0.3525366574145273,1.2885888602558375,40,412
right:61,right:50,loop,loop,10000,313,175,0.8215962441314554,1.3310838105738017,0.20836240480344867,0.194634304302602,0.621159744833687,40,413
right:61,left:50,loop,loop,10000,290,170,0.8629441624365483,1.3357358009250064,0.17264015031011481,0.15812259070389728,0.5252419202023197,40,414
left:61,left:59,strong,strong,10000,361,166,0.6974789915966386,1.5779949985582884,0.25833751724914367,0.2502353661042486,0.5660746138836155,40,415
right:61,right:59,strong,strong,10000,353,162,0.6532258064516129,1.6539102432226302,0.2167569260208861,0.21290265721326102,0.42832148469700776,40,416
left:62,left:61,tree,tree,10001,2148,1547,0.8215613382899628,0.8735555313019339,0.4131184188071813,0.4164889072505829,2.8536369839899898,40,417
right:62,right:61,tree,tree,10000,2084,1558,0.8353887399463807,0.8816502996952034,0.4694330299822665,0.4708143485618118,3.2700853289760654,40,418
right:62,right:49,loop,loop,10000,271,133,0.7430167597765364,1.4455352923020313,0.1820591855230811,0.16363040296596876,0.4119440042056827,40,419
right:62,right:52,loop,loop,10000,158,59,0.5841584158415841,1.2986502859150708,0.19352540458530937,0.17637789285940073,0.32483784902202134,40,420
left:62,left:52,loop,loop,10001,159,59,0.5959595959595959,1.4174331854032236,0.20652598018249949,0.1870505025879794,0.3220009714345132,40,421
left:62,left:60,strong,strong,10001,356,154,0.6581196581196581,1.277944981401334,0.24533117859653097,0.2443533258085524,0.634652796690164,40,422
right:62,right:60,strong,strong,10000,337,154,0.6875,1.264450600055438,0.2503650157054907,0.24973934298353856,0.6848304051999463,40,423
left:62,left:50,strong,strong,10001,567,378,0.8894117647058823,1.5614483746110106,0.21828103345267377,0.20129718832879562,0.6807990504484606,40,424
right:62,right:50,strong,strong,10000,591,407,0.9044444444444445,1.571664962713102,0.20510442462643855,0.1899205235981006,0.6569912377323681,40,425
left:63,right:62,tree,tree,10001,2097,1418,0.7611379495437467,1.0769723705186467,0.3674704720209293,0.37421497481282384,1.884865347124272,40,426
right:63,left:62,tree,tree,10000,2058,1428,0.7769314472252449,1.0027572696642653,0.31686290326768646,0.3227635414638497,1.7835173311155699,40,427
left:63,left:49,loop,loop,10001,565,342,0.7990654205607477,1.4312483344681035,0.21362513624138996,0.20014773535654512,0.6523215975204221,40,428
left:63,right:50,loop,loop,10001,477,271,0.808955223880597,1.4550616426823704,0.1570213907768439,0.14924552796424456,0.4651380620007728,40,429
right:63,right:50,loop,loop,10000,486,277,0.8028985507246377,1.479895822590866,0.15742963452366432,0.1496981453741769,0.4570571491860452,40,430
left:63,right:61,strong,strong,10001,243,105,0.6441717791411042,0.9819360766027903,0.19391669994883096,0.19761116417387428,0.5932524724432962,40,431
right:63,left:61,strong,strong,10000,250,104,0.6540880503144654,1.1086131918604185,0.19010161168573478,0.19395370176245108,0.521992494940614,40,432
left:64,right:63,tree,tree,10001,1040,676,0.7041666666666667,0.8551100920666016,0.443746872579791,0.44843777767474824,2.38166503426048,40,433
right:64,left:63,tree,tree,10000,1043,688,0.7311370882040382,0.970179132794822,0.4754795649001941,0.47645617408293134,2.341746717623621,40,434
right:64,left:49,loop,loop,10000,376,173,0.596551724137931,1.2593682066432585,0.26448355615907504,0.24080689395799837,0.5884832882859219,40,435
left:64,left:49,loop,loop,10001,371,179,0.5966666666666667,1.2932316665460495,0.2432132930173646,0.22156517497186112,0.5308493919318119,40,436
left:64,right:48,loop,loop,10001,190,68,0.4788732394366197,1.6259725313731683,0.3659493674350399,0.3230547031195076,0.4028514607827154,40,437
left:64,left:47,strong,strong,10001,126,52,0.5531914893617021,1.260630286742779,0.15870126156216624,0.139277137220026,0.2426552429255127,40,438
right:64,right:47,strong,strong,10000,120,48,0.5274725274725275,1.0415135103357642,0.1546776599563566,0.1362211412036685,0.268492286437793,40,439
left:64,left:62,strong,strong,10001,171,80,0.6153846153846154,1.2857237512581272,0.043132759671755214,0.04364336288566593,0.09072152033868978,40,440
right:64,right:62,strong,strong,10000,173,82,0.6356589147286822,1.1532796154317617,0.15459457074767047,0.1586421485347849,0.37652318509329114,40,441
left:65,left:64,tree,tree,10000,941,415,0.5220125786163522,1.723796581918192,0.438693347821154,0.44573658315759274,0.8011658208172895,40,442
right:65,right:64,tree,tree,10000,933,388,0.4898989898989899,1.7387289891536826,0.5718313829671531,0.5763774383600302,0.9608362673584557,40,443
left:65,right:47,loop,loop,10000,236,95,0.475,1.4569562950046122,0.22634122750955127,0.20544453427707995,0.3057173920282937,40,444
right:65,left:47,loop,loop,10000,227,98,0.5157894736842106,1.799811832851832,0.2544202138401071,0.22911551310477132,0.30171469954632685,40,445
right:65,right:48,loop,loop,10000,183,79,0.5337837837837838,1.6904673339776934,0.22617785053076891,0.2065521721876484,0.28580058635671357,40,446
right:65,left:48,loop,loop,10000,203,83,0.5,1.6332160501798019,0.2099394206818262,0.1927550080793655,0.2614662049251834,40,447
left:65,right:46,strong,strong,10000,127,41,0.40594059405940597,2.0252230300358836,0.2599540223591673,0.24287202008692887,0.18195659727156233,40,448
left:66,left:65,tree,tree,10000,1096,516,0.5369406867845994,1.9142977306827083,0.45286852177401865,0.45681277362631534,0.793656793737681,40,449
right:66,right:65,tree,tree,10000,1141,544,0.5534079348931842,1.5625746538662995,0.3616114183670576,0.37030843068104063,0.8069398797720834,40,450
right:66,left:47,loop,loop,10000,223,78,0.4508670520231214,1.6352570274884641,0.19582620755716185,0.17992420490615046,0.21675961081820255,40,451
left:66,right:47,loop,loop,10000,256,90,0.4326923076923077,1.7388575368693995,0.1962608098531972,0.18530319324224911,0.20799702677163764,40,452
right:66,left:46,loop,loop,10000,253,82,0.422680412371134,1.8054696401252532,0.1662140862807494,0.15212403350702675,0.15737214356677717,40,453
right:66,right:46,loop,loop,10000,258,88,0.44221105527638194,1.9850542148946508,0.15035907075707958,0.13692124166037645,0.1369122341429434,40,454
left:66,left:64,strong,strong,10000,216,69,0.40350877192982454,1.5752624062461682,0.19415013499056427,0.20170115358037197,0.21128692814657082,40,455
right:66,right:64,strong,strong,10000,225,75,0.4143646408839779,1.4945520705538036,0.2754525002221686,0.2780169261828691,0.3307345072581653,40,456
left:67,right:66,tree,tree,10000,1173,512,0.5029469548133595,1.720675431729847,0.3491115406701447,0.35903681278817046,0.6367822748551312,40,457
right:67,left:66,tree,tree,10000,1218,503,0.47904761904761906,1.827631012177088,0.47896356484638447,0.48636321213534506,0.7812007209793884,40,458
left:67,right:46,loop,loop,10000,215,55,0.3691275167785235,1.414168873661276,0.487290017345818,0.46111783100705184,0.4844964357510744,40,459
left:67,left:45,loop,loop,10000,216,67,0.39644970414201186,1.534607200192629,0.2790501866252281,0.2687349585060642,0.2929385539113652,40,460
left:67,right:45,loop,loop,10000,236,65,0.35911602209944754,1.6150452164201383,0.31890972393537764,0.3121998963663183,0.2908444742608803,40,461
left:67,left:65,strong,strong,10000,221,59,0.3390804597701149,0.8582340369343717,0.22814374448337518,0.24077177228975363,0.3690536258050476,40,462
right:67,right:65,strong,strong,10000,236,70,0.35714285714285715,1.5951945228186535,0.2573046208553437,0.25786476705565,0.2455604106877757,40,463
left:68,left:67,tree,tree,10000,1349,657,0.5572519083969466,1.7828175764098004,0.44200906783883037,0.42842124791183167,0.8689742458087207,40,464
right:68,right:67,tree,tree,10000,1329,682,0.5966754155730534,1.9369801804217315,0.49785074764928894,0.4841665720914586,0.9733914896533397,40,465
left:68,right:45,loop,loop,10000,236,101,0.5611111111111111,1.566081295570528,0.30091197659164176,0.2812372683849252,0.46603264978189296,40,466
right:68,right:45,loop,loop,10000,217,82,0.5,1.3694431591080582,0.2947108351802891,0.27329000760195205,0.44091793566927656,40,467
left:68,right:44,loop,loop,10000,205,83,0.5424836601307189,1.6711996085189496,0.28164200512099286,0.26922186116708235,0.3872150174669534,40,468
left:68,left:66,strong,strong,10000,197,47,0.31543624161073824,1.5311351854342286,0.25503892084450785,0.2539649633498618,0.20254302774462318,40,469
right:68,right:66,strong,strong,10000,203,50,0.3225806451612903,1.3803947305566597,0.28312215042031585,0.28832487729295564,0.26013740084793097,40,470
left:69,right:68,tree,tree,10001,1319,619,0.5363951473136915,1.4764046021995871,0.29106289314236095,0.28122990592031677,0.6569505534512093,40,471
right:69,left:68,tree,tree,10000,1312,639,0.5590551181102362,1.4287357477632658,0.35872394336390007,0.34768044152731076,0.8790506164793844,40,472
left:69,left:44,loop,loop,10001,249,105,0.5614973262032086,1.7021856043481418,0.26355592177137516,0.244866491464328,0.37668314846812295,40,473
right:69,left:44,loop,loop,10000,257,98,0.5212765957446809,1.4640691767462553,0.23025824356545974,0.21395827200197703,0.35005175328242366,40,474
left:69,left:67,strong,strong,10001,201,64,0.4413793103448276,2.113785877792896,0.2249579443921483,0.20867093646246576,0.18188859851064496,40,475
right:69,right:67,strong,strong,10000,198,66,0.46153846153846156,1.470506858610287,0.11278646702212908,0.10501526706328687,0.13858851524052684,40,476
right:69,left:45,strong,strong,10000,109,43,0.589041095890411,1.5999468558154313,0.1890917862557747,0.16744916125363252,0.23328973778231704,40,477
