frame_i,frame_j,roles,relation_score,endpoint_coverage,num_verified_LL_LR_RL_RR,source
1,0,tree,3.9253346695505247,3,4,sequential
2,1,tree,5.030203421171736,4,4,sequential
2,0,strong,3.188640307694725,3,4,sequential
3,2,tree,3.9850138017709176,3,4,sequential
4,2,tree,4.120690928581169,4,2,sequential
4,3,strong,3.883817196911761,3,4,sequential
5,4,tree,4.0798194199804545,3,4,sequential
5,3,strong,3.205664777319437,3,3,sequential
6,5,tree,4.644273514863277,4,4,sequential
7,6,tree,4.345863926940925,3,4,sequential
8,7,tree,3.903412842567363,3,4,sequential
8,6,strong,3.213704732687181,3,3,sequential
9,8,tree,3.669479296308021,3,4,sequential
9,7,strong,2.1429622340239285,2,1,sequential
10,9,tree,3.7322900822564584,3,4,sequential
11,10,tree,5.063732153473683,4,4,sequential
11,9,strong,4.401083070245599,4,3,sequential
12,11,tree,5.016597117085272,4,4,sequential
12,10,strong,3.3554308199731357,3,4,sequential
13,12,tree,4.139233046835622,3,4,sequential
13,11,strong,3.5771741200428098,3,4,sequential
14,13,tree,5.148448265847445,4,4,sequential
14,12,strong,4.769788702072906,4,4,sequential
15,14,tree,4.433255860303721,3,4,sequential
15,13,strong,3.657517834079833,3,4,sequential
15,11,strong,3.643007790037472,3,4,sequential
16,14,tree,4.702161299561175,4,4,sequential
16,15,strong,4.2824126729423595,3,4,sequential
16,12,strong,3.5023653522289395,3,4,sequential
17,15,tree,4.398259947407947,4,4,sequential
17,16,strong,4.2925276119739495,3,4,sequential
18,17,tree,5.6645296998369234,4,4,sequential
18,8,loop,4.421891351483222,4,4,retrieval
18,16,strong,3.551266261612596,3,4,sequential
19,18,tree,4.199640944369451,3,4,sequential
19,7,loop,3.5495924338124176,3,4,retrieval
19,8,loop,3.423642566814319,3,4,retrieval
19,17,strong,3.3533624950403094,3,4,sequential
20,19,tree,5.5230650843544336,4,4,sequential
20,7,loop,3.4492941148462197,3,4,retrieval
20,18,strong,4.322480354854953,4,4,sequential
21,20,tree,4.176487387860387,3,4,sequential
21,6,strong,3.4464954052588985,3,2,retrieval
22,21,tree,3.972055230333687,3,4,sequential
22,5,loop,4.352120829752885,4,3,retrieval
22,4,loop,3.4936660990557553,3,4,retrieval
22,3,strong,2.1045357152216186,2,1,retrieval
23,22,tree,3.876477073147141,3,4,sequential
23,4,loop,3.400341638059022,3,4,retrieval
23,3,loop,3.262911131242977,3,4,retrieval
24,23,tree,4.744459743637533,4,4,sequential
24,2,loop,3.716670393639072,3,4,retrieval
24,3,loop,3.7114380245991376,3,4,retrieval
24,4,strong,3.1466902088441273,3,4,retrieval
24,22,strong,2.0432383612157503,2,1,sequential
25,24,tree,5.138033742276319,3,4,sequential
25,2,loop,4.918624605230628,4,4,retrieval
25,3,loop,4.416081959345395,4,4,retrieval
25,1,strong,3.6078423321428064,3,4,retrieval
25,23,strong,2.064987209748096,2,1,sequential
26,25,tree,4.903909869858898,3,4,sequential
26,1,loop,4.853948332325202,4,4,retrieval
26,24,strong,3.279977389965122,3,4,sequential
27,26,tree,7.988362165415351,3,4,sequential
27,0,loop,3.5419856124359006,3,4,retrieval
27,1,loop,3.381416366779261,3,4,retrieval
27,25,strong,3.5802807627205198,3,4,sequential
28,27,tree,7.572456760306539,4,4,sequential
28,26,strong,5.595449244666426,4,4,sequential
29,28,tree,6.164721862435394,3,4,sequential
29,27,strong,3.6323797839662975,3,4,sequential
29,25,strong,3.3616186593687263,3,4,sequential
30,29,tree,4.4680632084866865,3,4,sequential
30,26,strong,3.903151737833656,3,4,sequential
30,28,strong,3.6812141264964087,3,4,sequential
31,30,tree,4.39935086101407,3,4,sequential
31,29,strong,3.2414773272166157,3,3,sequential
32,31,tree,5.241125405911758,4,4,sequential
32,30,strong,3.618652008726813,3,4,sequential
33,32,tree,3.9863345840417432,3,4,sequential
33,23,loop,4.368837500752947,4,4,retrieval
33,31,strong,3.2701434426877243,3,4,sequential
34,33,tree,4.22297652215533,3,4,sequential
34,21,loop,4.691869748827018,4,4,retrieval
34,32,strong,3.2324713776738285,3,4,sequential
34,20,strong,2.3584304273896044,2,1,retrieval
35,34,tree,5.4998887007959905,4,4,sequential
35,19,loop,3.4639520807418664,3,4,retrieval
35,20,loop,3.282076048762419,3,4,retrieval
35,33,strong,4.311341065840375,4,4,sequential
35,18,strong,2.0951661535356254,2,1,retrieval
36,35,tree,4.042324146236425,3,4,sequential
36,18,loop,4.46077234910723,4,4,retrieval
36,19,loop,3.6377732593882444,3,4,retrieval
36,20,strong,3.329955397001457,3,4,retrieval
36,34,strong,3.2582925162822653,3,4,sequential
37,36,tree,4.128210335639395,3,4,sequential
37,18,loop,4.585362269956831,4,4,retrieval
37,9,loop,4.145555802452598,4,4,retrieval
37,19,strong,3.366776588901481,3,4,retrieval
38,36,tree,4.221096541797472,4,4,sequential
38,17,loop,3.8054357569879493,3,4,retrieval
38,18,loop,3.66998778940277,3,4,retrieval
38,37,strong,4.037883437376047,3,4,sequential
38,9,strong,3.257620554589107,3,4,retrieval
39,38,tree,4.480474759879355,3,4,sequential
39,16,loop,4.7689970392008405,4,4,retrieval
39,17,loop,3.7605146445209616,3,4,retrieval
39,15,strong,3.501973003291019,3,4,retrieval
39,37,strong,3.48287925595692,3,4,sequential
40,39,tree,4.705048469940435,3,4,sequential
40,15,loop,3.85657861234738,3,4,retrieval
40,16,loop,3.844919829120787,3,4,retrieval
40,38,strong,4.5261122766975594,4,4,sequential
40,12,strong,3.252617916731623,3,4,retrieval
41,40,tree,5.658430696490038,3,4,sequential
41,15,loop,3.6696002162829906,3,4,retrieval
41,39,strong,3.5558803019004728,3,4,sequential
42,40,tree,4.53246322703418,4,4,sequential
42,41,strong,3.966021385412353,3,4,sequential
43,42,tree,4.800737376481018,3,4,sequential
43,41,strong,2.2599021190022643,2,1,sequential
44,43,tree,4.702016481685789,3,4,sequential
44,40,strong,3.88534157666552,3,4,sequential
44,42,strong,3.7814034825577267,3,4,sequential
45,44,tree,4.133343959937813,3,4,sequential
45,41,strong,3.4289257667730273,3,4,sequential
46,45,tree,4.49659982900797,3,4,sequential
46,44,strong,3.7108159676526977,3,4,sequential
47,45,tree,4.634697138750313,4,4,sequential
47,37,loop,3.478884634052585,3,4,retrieval
47,46,strong,4.364844837253457,3,4,sequential
47,36,strong,3.3415008173075913,3,2,retrieval
48,47,tree,4.611376294317827,4,4,sequential
48,36,loop,3.5844771691836805,3,4,retrieval
48,37,loop,3.4304464882875974,3,4,retrieval
48,35,strong,3.4905599468436668,3,4,retrieval
48,46,strong,3.355249563066474,3,4,sequential
49,48,tree,5.307437305581055,4,4,sequential
49,35,loop,4.907848404014408,4,4,retrieval
49,34,strong,3.3297295773331026,3,2,retrieval
50,49,tree,6.062492754819053,3,4,sequential
50,34,loop,4.589392103381542,4,4,retrieval
50,35,loop,3.7928125450139922,3,4,retrieval
51,50,tree,5.791121605066312,3,4,sequential
51,32,loop,4.295237124244389,4,3,retrieval
51,34,loop,3.5892240378267175,3,4,retrieval
51,49,strong,4.381343800524861,4,4,sequential
51,33,strong,3.4326708726502506,3,4,retrieval
52,51,tree,6.778921207188865,3,4,sequential
52,31,loop,4.309927204959992,4,4,retrieval
52,32,loop,3.7015265133854602,3,4,retrieval
52,50,strong,3.9321449948491036,3,4,sequential
52,33,strong,3.6095938358043984,3,4,retrieval
53,52,tree,5.200956539282825,3,4,sequential
53,30,loop,4.385702085621839,4,4,retrieval
53,32,loop,3.913084791397554,3,4,retrieval
53,51,strong,4.336663060749507,3,4,sequential
53,31,strong,3.7213093610733927,3,4,retrieval
54,53,tree,4.893980018615079,3,4,sequential
54,30,loop,4.870702311115674,4,4,retrieval
54,31,loop,4.479258441295328,4,4,retrieval
54,52,strong,3.5820324734621973,3,4,sequential
55,54,tree,5.6895891127503955,3,4,sequential
55,30,loop,4.685446413770205,4,4,retrieval
55,29,loop,4.478101414720979,4,4,retrieval
55,53,strong,3.5892256859865297,3,4,sequential
56,55,tree,7.219070417992879,4,4,sequential
56,54,strong,5.162500186108538,4,4,sequential
57,56,tree,5.136769162033032,3,4,sequential
57,55,strong,3.7934897056668544,3,4,sequential
58,57,tree,5.662681750930756,3,4,sequential
58,56,strong,3.9358260147339736,3,4,sequential
58,54,strong,3.7824500754922994,3,4,sequential
59,58,tree,5.005546828244557,3,4,sequential
59,57,strong,4.487225815832424,4,4,sequential
59,55,strong,3.4350625662125087,3,4,sequential
60,59,tree,5.107205847345117,3,4,sequential
60,50,loop,3.3981619219630326,3,4,retrieval
60,58,strong,3.364660684680097,3,4,sequential
61,60,tree,6.614223519511104,3,4,sequential
61,51,loop,4.968203437625756,3,4,retrieval
61,50,loop,3.8837807049348467,3,4,retrieval
61,59,strong,3.825406413131055,3,4,sequential
62,61,tree,7.8709841548339785,3,4,sequential
62,49,loop,4.504421466243591,4,4,retrieval
62,52,loop,4.485838334739278,4,4,retrieval
62,60,strong,4.020719284759711,3,4,sequential
62,50,strong,4.014090318932155,3,4,retrieval
63,62,tree,5.965285194467458,3,4,sequential
63,49,loop,3.8441664750034947,3,4,retrieval
63,50,loop,3.6936666365937953,3,4,retrieval
63,61,strong,3.882985598289231,3,4,sequential
64,63,tree,7.5525383930722905,4,4,sequential
64,49,loop,3.853907984251828,3,4,retrieval
64,48,loop,3.509099050688557,3,4,retrieval
64,47,strong,4.3898199079005495,4,4,retrieval
64,62,strong,3.47435460741559,3,4,sequential
65,64,tree,5.3614191777671,4,4,sequential
65,47,loop,4.456574741801457,4,4,retrieval
65,48,loop,3.4165336888193054,3,4,retrieval
65,46,strong,2.1819565972715624,2,1,retrieval
66,65,tree,4.21445512543037,3,4,sequential
66,47,loop,4.320758124204021,4,4,retrieval
66,46,loop,3.2258282606382487,3,4,retrieval
66,64,strong,3.492116992397649,3,4,sequential
67,66,tree,4.138013092043532,3,4,sequential
67,46,loop,4.585598501325642,4,4,retrieval
67,45,loop,3.4383607910418053,3,4,retrieval
67,65,strong,3.504561914722271,3,4,sequential
68,67,tree,4.456248403449148,3,4,sequential
68,45,loop,3.6864916176165314,3,4,retrieval
68,44,loop,3.5357665467164217,3,4,retrieval
68,66,strong,3.3722927045906697,3,4,sequential
69,68,tree,4.366392818571658,3,4,sequential
69,44,loop,3.551709025109335,3,4,retrieval
69,67,strong,4.251182856130908,4,4,sequential
69,45,strong,2.233289737782317,2,1,retrieval
