query_frame,query_position,frame,position,votes,score,weighted_score
15,15,2,2,1,0.001,5.353183823508768e-06
16,16,1,1,2,0.002,9.441423858222222e-06
17,17,1,1,1,0.001,5.248783384129057e-06
17,17,0,0,1,0.001,4.308664060861155e-06
17,17,4,4,1,0.001,4.061820273488909e-06
18,18,8,8,9,0.009,7.002277734902436e-05
18,18,7,7,4,0.004,2.6944212721587762e-05
19,19,8,8,12,0.012,7.820715411702107e-05
19,19,6,6,5,0.005,4.236910659629676e-05
19,19,5,5,3,0.003,1.2261499125991465e-05
19,19,7,7,2,0.002,9.30201224728144e-06
20,20,6,6,9,0.009,4.4344862605804556e-05
20,20,7,7,3,0.003,1.6355489940333074e-05
21,21,5,5,4,0.004,2.586565616383916e-05
21,21,6,6,2,0.002,9.588190391491285e-06
21,21,7,7,2,0.002,9.440860757022976e-06
21,21,4,4,2,0.002,9.002718877171428e-06
21,21,8,8,1,0.001,4.4736125873610705e-06
22,22,5,5,16,0.016,0.00011941649369242454
22,22,4,4,5,0.005,2.4074008991762318e-05
22,22,3,3,2,0.002,1.5124069897389361e-05
23,23,4,4,12,0.012,7.745661707798376e-05
23,23,3,3,5,0.005,2.492002953638716e-05
24,24,3,3,9,0.009,5.358569301016738e-05
24,24,1,1,6,0.006,3.4320554283136116e-05
24,24,2,2,5,0.005,2.5784771313382036e-05
24,24,4,4,4,0.004,2.2079593275129676e-05
24,24,5,5,3,0.003,1.3708089533624992e-05
24,24,14,14,1,0.001,4.237858864883373e-06
25,25,1,1,6,0.006,4.0583407200671166e-05
25,25,2,2,6,0.006,3.537145924742624e-05
25,25,13,13,2,0.002,1.0938514148932782e-05
25,25,3,3,1,0.001,4.8418343237032195e-06
25,25,4,4,1,0.001,4.454221564226444e-06
26,26,1,1,9,0.009,5.2584529886659646e-05
26,26,4,4,1,0.001,5.12948671897909e-06
26,26,11,11,1,0.001,5.056312167146973e-06
26,26,10,10,1,0.001,4.96493497042888e-06
26,26,15,15,1,0.001,4.867808332792968e-06
27,27,0,0,5,0.005,2.6657365069682457e-05
27,27,2,2,2,0.002,1.026680201090855e-05
27,27,17,17,2,0.002,8.7804572613043e-06
27,27,1,1,1,0.001,6.457528719902463e-06
27,27,9,9,1,0.001,5.5609644692210285e-06
27,27,15,15,1,0.001,5.260535592396268e-06
27,27,16,16,1,0.001,4.777039862722202e-06
27,27,8,8,1,0.001,4.524794071223329e-06
28,28,12,12,2,0.002,1.563215531371185e-05
28,28,18,18,1,0.001,4.8470074286621415e-06
28,28,15,15,1,0.001,3.481721956950341e-06
29,29,6,6,1,0.001,4.156863479013364e-06
31,31,4,4,2,0.002,8.174994519088457e-06
31,31,14,14,1,0.001,5.385146052619479e-06
33,33,23,23,8,0.008,5.037374414447747e-05
33,33,12,12,2,0.002,1.3730775731924792e-05
33,33,11,11,1,0.001,4.76341725821672e-06
34,34,22,22,3,0.003,1.9323027963019867e-05
34,34,21,21,2,0.002,1.0959074166225876e-05
34,34,14,14,2,0.002,1.0451000916991342e-05
34,34,4,4,2,0.002,9.344895729054677e-06
34,34,20,20,1,0.001,5.0086471823763495e-06
35,35,20,20,6,0.006,5.6079188976794746e-05
35,35,1,1,2,0.002,9.95041519394893e-06
35,35,21,21,2,0.002,9.154970522761468e-06
35,35,18,18,1,0.001,6.091449031776997e-06
35,35,19,19,1,0.001,5.955441383820838e-06
36,36,19,19,3,0.003,2.59610763782272e-05
36,36,8,8,2,0.002,1.036359092172498e-05
36,36,14,14,2,0.002,8.22714410179676e-06
36,36,18,18,1,0.001,1.5744614868388684e-05
36,36,26,26,1,0.001,5.838476502694968e-06
36,36,20,20,1,0.001,5.197137265169895e-06
36,36,10,10,1,0.001,4.429985743935686e-06
36,36,11,11,1,0.001,4.155355865288671e-06
37,37,18,18,15,0.015,0.00012179504580574676
37,37,17,17,6,0.006,6.668532560037324e-05
37,37,9,9,2,0.002,1.1276778982013763e-05
37,37,16,16,2,0.002,9.394925535764047e-06
37,37,3,3,2,0.002,8.66735345292001e-06
37,37,13,13,2,0.002,8.483638371418687e-06
37,37,8,8,1,0.001,1.5041421290911232e-05
37,37,19,19,1,0.001,5.407538658597018e-06
38,38,17,17,6,0.006,5.4162707514408714e-05
38,38,9,9,4,0.004,2.551093115555629e-05
38,38,18,18,3,0.003,4.938125103538485e-05
38,38,19,19,2,0.002,1.1519002813935128e-05
38,38,26,26,2,0.002,9.949521644342824e-06
38,38,1,1,1,0.001,3.787471163228258e-06
39,39,15,15,10,0.01,0.00011200791553060275
39,39,16,16,6,0.006,6.130497630084344e-05
39,39,17,17,3,0.003,4.444610967283534e-05
39,39,10,10,1,0.001,5.581977513170023e-06
39,39,21,21,1,0.001,4.617177123260275e-06
39,39,9,9,1,0.001,4.144705977226414e-06
40,40,15,15,7,0.007,7.065311412618226e-05
40,40,16,16,5,0.005,3.0297009943462576e-05
40,40,12,12,1,0.001,7.5107341070805114e-06
40,40,25,25,1,0.001,5.178497985929805e-06
40,40,13,13,1,0.001,5.173228861066904e-06
40,40,19,19,1,0.001,4.431073015248325e-06
41,41,15,15,4,0.004,2.1393983210990943e-05
41,41,18,18,1,0.001,5.0543740602973e-06
41,41,1,1,1,0.001,4.664552687310331e-06
41,41,3,3,1,0.001,3.852970951710855e-06
41,41,6,6,1,0.001,3.5242305786068634e-06
42,42,23,23,2,0.002,1.1218358340152364e-05
42,42,18,18,2,0.002,8.53160889180658e-06
42,42,16,16,1,0.001,9.12111170818327e-06
43,43,5,5,1,0.001,5.009590172447093e-06
43,43,10,10,1,0.001,4.212365798100077e-06
45,45,23,23,2,0.002,9.377048851441252e-06
45,45,15,15,1,0.001,1.2510755808239125e-05
46,46,15,15,1,0.001,6.654404198388993e-06
46,46,10,10,1,0.001,4.3459779156721384e-06
46,46,8,8,1,0.001,4.2849053928233875e-06
47,47,36,36,4,0.004,7.562327808340625e-05
47,47,37,37,4,0.004,2.73695353239606e-05
47,47,15,15,2,0.002,1.1004575052880532e-05
47,47,7,7,2,0.002,9.204434508006607e-06
47,47,29,29,1,0.001,5.390777017363576e-06
48,48,36,36,6,0.006,4.325698670681843e-05
48,48,37,37,3,0.003,3.338222278858466e-05
48,48,31,31,3,0.003,2.2085232622454166e-05
48,48,18,18,2,0.002,8.734566065886635e-06
48,48,15,15,1,0.001,5.6454842956554975e-06
48,48,24,24,1,0.001,4.84507275648854e-06
48,48,35,35,1,0.001,4.652874297567218e-06
48,48,14,14,1,0.001,4.095403846002892e-06
49,49,35,35,11,0.011,9.490791193014836e-05
49,49,34,34,4,0.004,2.2588646593491512e-05
49,49,1,1,2,0.002,1.0499655369131992e-05
49,49,20,20,1,0.001,5.862707968489875e-06
49,49,21,21,1,0.001,5.575553155569517e-06
49,49,7,7,1,0.001,4.895260478575968e-06
49,49,10,10,1,0.001,4.393578126935797e-06
50,50,34,34,9,0.009,5.28082554502983e-05
50,50,35,35,2,0.002,1.2827153327470775e-05
50,50,33,33,2,0.002,1.1890149196807081e-05
50,50,4,4,2,0.002,8.671988211139433e-06
50,50,8,8,1,0.001,5.541888813386413e-06
50,50,28,28,1,0.001,4.8962578232929404e-06
50,50,32,32,1,0.001,4.693129086861493e-06
50,50,25,25,1,0.001,4.532549356586637e-06
51,51,33,33,5,0.005,3.326204496229847e-05
51,51,31,31,3,0.003,1.808862321873141e-05
51,51,17,17,2,0.002,1.0507809010395479e-05
51,51,26,26,2,0.002,9.740715050402286e-06
51,51,32,32,1,0.001,8.10440900070574e-06
51,51,11,11,1,0.001,4.770403906770312e-06
51,51,29,29,1,0.001,4.7253471071106795e-06
51,51,34,34,1,0.001,4.4535147884291286e-06
51,51,22,22,1,0.001,4.237097994032371e-06
52,52,32,32,15,0.015,8.482380337326003e-05
52,52,31,31,9,0.009,5.9457757985224835e-05
52,52,33,33,3,0.003,2.290947460621463e-05
52,52,18,18,2,0.002,1.0634922775531307e-05
52,52,27,27,1,0.001,4.887945160356512e-06
53,53,31,31,15,0.015,9.043127209438045e-05
53,53,30,30,9,0.009,5.282900553485234e-05
53,53,32,32,2,0.002,1.0713613502803685e-05
53,53,24,24,2,0.002,1.0235624072833405e-05
53,53,39,39,2,0.002,9.483401293924913e-06
53,53,29,29,1,0.001,5.252329543591132e-06
54,54,30,30,16,0.016,0.00010037383951776349
54,54,5,5,1,0.001,5.5319584334517346e-06
54,54,3,3,1,0.001,5.311040592468855e-06
54,54,25,25,1,0.001,5.133067239029929e-06
54,54,31,31,1,0.001,4.5014457642266976e-06
54,54,34,34,1,0.001,4.354127346442394e-06
55,55,29,29,10,0.01,7.31059370209679e-05
55,55,30,30,4,0.004,2.7847060181564562e-05
55,55,9,9,1,0.001,5.478321120682873e-06
56,56,29,29,4,0.004,2.2045555589672725e-05
56,56,18,18,1,0.001,5.137129491183303e-06
56,56,16,16,1,0.001,4.799877050421872e-06
56,56,32,32,1,0.001,4.526462615542955e-06
57,57,29,29,1,0.001,5.083154253819727e-06
57,57,35,35,1,0.001,4.923062845626053e-06
57,57,44,44,1,0.001,4.686990860656237e-06
58,58,4,4,2,0.002,9.29518290684424e-06
58,58,33,33,2,0.002,8.57009288230896e-06
58,58,1,1,1,0.001,5.124433008661724e-06
58,58,29,29,1,0.001,4.99931266105269e-06
58,58,27,27,1,0.001,4.853682582955829e-06
59,59,37,37,4,0.004,1.6554927682588843e-05
59,59,8,8,1,0.001,4.314234169599931e-06
59,59,49,49,1,0.001,4.258404622705725e-06
59,59,43,43,1,0.001,3.632283189613912e-06
60,60,32,32,2,0.002,9.67089141862642e-06
60,60,6,6,1,0.001,5.630163127570552e-06
60,60,50,50,1,0.001,5.466358253304078e-06
60,60,12,12,1,0.001,4.328760977127854e-06
61,61,51,51,8,0.008,5.333438873253095e-05
61,61,50,50,6,0.006,3.846182444114367e-05
62,62,50,50,13,0.013,8.347276967333775e-05
62,62,49,49,6,0.006,2.9796572691981888e-05
62,62,51,51,3,0.003,2.0092185470920154e-05
62,62,46,46,3,0.003,1.4247431670661995e-05
62,62,52,52,2,0.002,1.5416280311676427e-05
62,62,21,21,1,0.001,5.187618144253737e-06
62,62,31,31,1,0.001,4.3777199406227475e-06
63,63,50,50,13,0.013,7.714262589159669e-05
63,63,49,49,10,0.01,6.541081006210752e-05
63,63,2,2,2,0.002,1.0276059916647828e-05
64,64,49,49,6,0.006,4.1285241350989685e-05
64,64,48,48,6,0.006,3.3227765582417664e-05
64,64,50,50,1,0.001,5.902916196364781e-06
64,64,8,8,1,0.001,4.930177732463972e-06
64,64,0,0,1,0.001,4.786058711475562e-06
64,64,54,54,1,0.001,4.523914510297141e-06
64,64,47,47,1,0.001,4.2315557555176786e-06
65,65,47,47,10,0.01,8.381587690100699e-05
65,65,46,46,4,0.004,2.3265227651557814e-05
65,65,45,45,3,0.003,1.7430077967149932e-05
65,65,36,36,2,0.002,1.186039671279297e-05
65,65,48,48,1,0.001,1.1422046008077975e-05
66,66,46,46,3,0.003,1.4231475146043008e-05
66,66,47,47,2,0.002,1.225337426547138e-05
66,66,22,22,2,0.002,8.635362174289885e-06
66,66,37,37,1,0.001,4.747340428039958e-06
66,66,15,15,1,0.001,4.372109635871195e-06
66,66,21,21,1,0.001,4.327787918076465e-06
66,66,39,39,1,0.001,4.250089087503623e-06
66,66,14,14,1,0.001,4.136931559580283e-06
67,67,45,45,3,0.003,1.3643325702590776e-05
67,67,46,46,2,0.002,9.899382476053966e-06
67,67,44,44,1,0.001,4.93161646393568e-06
67,67,42,42,1,0.001,4.312588982509731e-06
68,68,44,44,7,0.007,3.95400950079305e-05
68,68,45,45,3,0.003,2.1067623896780325e-05
68,68,28,28,2,0.002,9.14093144670329e-06
68,68,56,56,1,0.001,4.496346526691496e-06
68,68,24,24,1,0.001,4.244763558055392e-06
68,68,46,46,1,0.001,3.9128231257525345e-06
69,69,44,44,10,0.01,6.35988249864552e-05
69,69,45,45,1,0.001,5.480871697523522e-06
69,69,15,15,1,0.001,4.535952190245034e-06
